"id","name","preferred_genres","preferred_authors","read_books","rated_books","password"
"1","Abrar Faiyaz","Fantasy;Programming","Andrew Hunt;J.K. Rowling","1;2;9","1:5;2:4;9:5",""
"2","Samin","Fantasy;Science Fiction","Frank Herbert;J.R.R. Tolkien","4;6;10","4:4;6:5;10:5",""
"3","Rafi","Fiction","George Orwell;Paulo Coelho","3;8","3:5;8:4",""
"4","Test User","","","7","7:4",""
"5","TestAuthUser","Fantasy","AuthorX","","","pass123"
"6","t","","","1","1:5","ty"
"7","Rakin Morshed","Productivity;Fiction;Business","Cal Newport;Roald Dahl;Edgar Allan Poe;Milan Kundera","7;73;142;153;203;208;214;291;330;384;409;423;446;479;485;493;553;568;589;604;658;774;987","7:4;142:4;203:5;214:3;330:4;384:5;409:3;423:3;446:2;479:4;485:3;493:5;553:4;589:3;604:3;658:5;774:3",""
"8","Tahmid Khan","History;Programming;Science Fiction","Kim Edwards;Howard Zinn;Jostein Gaarder;Richard Russo","1;2;4;9;21;25;28;34;55;61;77;89;118;169;211;321;337;344;473;483;499;557;565;575;598;642;644;649;670;724;886;897;901;921;955;976","1:5;2:3;4:5;9:3;21:4;25:3;28:4;34:5;55:3;77:3;118:2;169:4;211:3;565:2;598:2;642:2;644:5;649:2;670:4;886:3;897:5;921:4;955:4;976:2",""
"9","Sharmeen Hasan","Fiction;Romance;Productivity","Richelle Mead;Maurice Sendak;Ann Patchett;Ayn Rand","7;72;79;83;109;156;220;249;261;335;407;419;440;445;458;463;478;511;550;570;663;704;726;735;743;771;778;824;834;848;890;910;993","7:3;72:4;79:4;83:4;109:5;249:4;407:2;419:4;440:2;458:3;463:3;511:4;550:3;570:4;704:5;771:3;778:2;824:3;834:4;910:3",""
"10","Sadia Hossain","Thriller;Programming;Productivity","Patrick S?skind;Agatha Christie;Alexander McCall Smith;Tana French","1;2;7;9;34;38;42;51;68;224;263;342;343;404;426;480;482;508;585;679;793;982","1:5;2:4;7:4;9:5;34:4;38:5;42:5;51:3;68:3;224:3;263:5;342:3;343:3;404:5;480:4;508:3;679:5;793:4",""
"11","Nusrat Chowdhury","History;Business;Self Help","C.S. Lewis;John Scalzi;Christopher McDougall;Bill Bryson","5;12;44;62;95;138;180;190;214;218;268;278;332;337;358;381;413;455;467;478;483;497;544;589;626;653;684;762;902;907;917;921;924;997","5:2;12:4;44:4;95:3;138:4;190:2;214:4;268:5;278:3;337:2;358:3;381:4;413:4;455:2;467:3;478:2;544:3;589:4;653:2;684:2;907:3;917:2;921:2;924:4;997:3",""
"12","Jawad Hossain","Thriller;Fantasy;Business","Agatha Christie;Alexander McCall Smith;Erik Larson;Gillian Flynn","12;27;38;68;77;199;214;224;343;391;400;404;406;457;480;508;551;569;589;679;709;833;837;863;869;892;916;932;967;982","27:5;38:5;68:3;77:4;199:5;214:2;224:5;343:5;391:3;400:4;406:4;457:3;480:3;508:3;569:4;589:2;679:3;709:3;837:4;916:4;967:5;982:5",""
"13","Tahmid Das","Fantasy;Thriller;Romance","Robert Jordan;J.R.R. Tolkien;Brandon Sanderson;George R.R. Martin","6;27;35;38;46;47;51;68;70;88;89;138;159;178;206;224;265;343;400;404;407;419;480;508;511;535;559;569;600;629;637;679;693;701;813;828;938;967;971;973;982","27:4;38:5;46:3;47:4;51:3;68:5;89:5;138:3;159:2;178:4;206:3;224:4;265:5;343:5;404:3;419:2;480:5;508:5;535:4;559:4;569:5;600:4;629:3;701:2;813:4;938:5;967:4;971:3;973:5;982:4",""
"14","Nabil Nawar","Programming;Business;History","Andrew Hunt;Robert C. Martin;Stanley B. Lippman;Dan Brown","1;2;9;34;37;44;62;118;214;303;321;392;413;463;589;615;649;670;692;762;855;886;912;917;955;990","1:5;2:4;9:4;34:5;44:4;214:2;303:5;392:3;413:3;589:2;615:3;649:4;670:3;762:3;855:2;886:4;912:3;955:4;990:2",""
"15","Sadia Kabir","Romance;History;Fantasy","Jane Austen;Nicole Krauss;William Gibson;John Grogan","12;44;73;83;118;151;159;162;178;196;206;246;265;293;337;343;392;396;407;436;440;458;478;483;535;554;557;569;572;618;693;709;713;776;828;834;856;863;874;917;921;927;955","12:5;44:4;83:3;151:2;162:5;178:3;206:4;246:2;337:3;343:4;396:2;407:3;436:3;440:4;478:4;483:4;535:3;554:3;557:4;569:4;572:5;709:4;776:2;834:2;856:4;863:3;874:4;917:4;927:4;955:2",""
"16","Zubair Khan","History;Programming;Science Fiction","John Scalzi;Max Brooks;Robert Jordan;Howard Zinn","1;2;4;9;21;28;34;44;47;55;61;68;112;246;262;283;305;321;337;344;359;392;439;462;483;510;515;534;554;594;644;670;762;901;917;976","1:5;2:4;4:4;9:4;21:5;28:3;34:5;44:2;55:5;61:5;246:3;262:4;283:5;337:4;392:3;462:3;483:2;510:5;594:3;644:3;670:2;901:4;917:3",""
"17","Mahin Ahmed","Programming;Business;Romance","Robert C. Martin;Stanley B. Lippman;Andrew Hunt;Dan Brown","1;2;9;34;66;98;124;159;171;176;214;361;427;530;559;578;589;615;629;804;845;848;870;929;972;993","1:3;2:4;9:5;34:5;171:3;176:4;214:2;559:3;578:2;589:3;615:2;804:2;848:4;870:2;993:3",""
"18","Lamisa Khan","Fiction;History;Self Help","Stephen King;Toni Morrison;Becca Fitzpatrick;Jerry Spinelli","5;94;124;138;149;190;194;218;246;254;277;342;358;381;410;413;441;455;467;501;546;554;619;626;637;670;676;690;713;756;762;770;787;860;862;902;907;924;955;976;977;982;997","5:2;138:5;149:5;190:3;218:4;254:3;342:5;381:3;413:2;441:4;501:3;554:3;619:4;626:2;670:2;690:5;713:2;756:3;770:3;787:5;860:5;902:2;907:4;955:2;976:4;982:5;997:2",""
"19","Ishmam Rahim","Fantasy;Self Help;History","J.K. Rowling;J.R.R. Tolkien;Brandon Sanderson;Tracy Chevalier","5;12;26;62;70;117;155;199;218;254;255;316;321;356;358;406;410;413;415;466;467;479;494;505;544;569;626;637;642;649;684;709;813;901;902;907;917;921;924;971;977;980;990;997","12:3;26:4;62:4;155:4;199:3;218:3;254:4;255:4;321:2;356:2;406:3;413:2;466:3;467:2;505:3;569:3;626:2;649:4;684:3;902:3;907:4;921:2;924:4;971:4;977:3;990:4;997:3",""
"20","Fariha Chowdhury","Programming;Productivity;Romance","Robert C. Martin;Dan Brown;Stanley B. Lippman;Andrew Hunt","1;2;7;9;34;100;114;159;178;213;276;309;427;445;478;511;568;663;688;723;739;776;834;896;923","1:5;2:4;7:3;9:5;34:4;159:4;309:2;427:3;445:4;511:2;663:3;723:3;739:4;776:3;834:2;896:2;923:2",""
"21","Mehedi Rahim","Fiction;Thriller;Business","Christina Baker Kline;Robert C. O'Brien;Lionel Shriver;Charlaine Harris","38;68;98;214;224;246;253;297;325;343;404;464;480;482;508;549;589;597;599;610;659;679;686;745;811;875;880;893;903;943;982","38:5;98:5;214:3;224:5;253:4;325:3;343:5;404:4;480:5;482:5;508:3;549:4;589:3;659:3;679:5;686:2;745:5;880:5;903:3;943:3;982:4",""
"22","Sami Mahmud","History;Programming;Thriller","Terry Pratchett;Jostein Gaarder;H.G. Wells;Laura Hillenbrand","1;2;9;34;38;51;62;68;140;151;224;285;321;343;404;413;416;446;480;501;508;554;557;616;637;642;649;673;679;762;790;917;982","1:4;2:3;9:4;34:5;38:3;68:3;151:2;224:3;285:5;343:4;404:3;446:2;480:5;501:3;554:4;557:3;642:3;649:2;673:5;679:5;762:2;790:5;982:3",""
"23","Tanvir Mahmud","Business;Fiction;Romance","Robert T. Kiyosaki;Janet Evanovich;Jodi Picoult;Azar Nafisi","17;47;51;53;74;129;176;208;214;237;270;293;361;365;389;440;458;511;543;589;615;662;663;672;686;757;774;778;895;915;920;923;947;949","17:4;47:2;51:2;53:4;176:3;214:4;237:3;270:3;293:4;365:3;389:4;458:3;511:2;543:3;589:3;662:4;663:3;672:2;757:5;774:4;895:5;915:5;923:4;949:4",""
"24","Tanim Faisal","Science Fiction;History;Business","Ray Bradbury;Frank Herbert;Orson Scott Card;Veronica Roth","4;25;55;77;112;118;133;151;214;246;308;333;381;403;483;499;501;510;544;565;589;642;644;649;670;764;767;796;845;928;944;976;990","4:4;25:3;55:5;112:4;118:2;133:4;151:4;214:3;246:3;333:4;483:2;499:4;510:5;544:5;565:2;589:3;649:2;670:2;767:3;944:3;976:3",""
"25","Arif Siddique","Fantasy;Productivity;Biography","J.K. Rowling;J.R.R. Tolkien;Thomas Harris;George R.R. Martin","7;12;23;41;82;135;142;162;168;172;353;364;399;400;406;438;442;476;483;488;562;569;577;598;681;698;744;752;772;828;844;869;979","7:2;12:5;23:2;82:2;135:4;142:5;162:5;399:4;400:3;406:3;438:4;476:4;569:5;577:3;598:3;698:2;744:3;772:3;828:5;844:5;869:4",""
"26","Shahriar Sarker","History;Self Help;Productivity","C.S. Lewis;Sun Tzu;Jules Verne;Richard Russo","5;7;44;180;190;218;254;381;410;413;436;467;501;506;544;557;626;637;642;670;676;713;816;825;855;881;898;902;917;924;955;997","5:4;7:3;44:2;190:3;218:3;381:4;410:4;413:3;436:3;467:2;506:2;544:3;637:2;642:2;676:3;713:4;825:5;898:3;902:3;917:4;955:2;997:3",""
"27","Mahin Hossain","Biography;Business;Romance","Sherman Alexie;Walter Isaacson;Jeff Kinney;Arthur Golden","23;41;82;114;135;174;176;206;214;237;248;276;286;309;329;361;399;427;562;589;598;622;629;642;663;681;690;698;710;723;744;752;772;848","23:3;41:2;135:4;174:5;176:4;214:2;276:2;286:2;329:2;361:4;399:3;427:4;589:2;598:2;622:3;629:4;663:3;681:3;690:2;710:5;723:3;744:3;752:3;848:3",""
"28","Fahim Rahim","History;Biography;Thriller","Joe Haldeman;John Irving;Stephen Hawking;Thomas L. Friedman","20;23;38;41;68;82;118;135;224;325;343;359;392;399;404;413;446;480;483;497;508;517;554;562;591;598;609;670;679;681;698;744;752;772;838;901;921;972;976;982;990","23:4;38:5;41:3;82:2;118:4;135:2;224:5;325:2;343:3;392:2;404:5;446:2;480:4;483:3;508:4;554:4;562:3;591:3;598:2;609:3;679:4;744:3;752:4;838:4;921:2;976:3;982:3;990:2",""
"29","Rashed Chowdhury","Thriller;Biography;Self Help","Agatha Christie;Paula Hawkins;Tana French;Patrick S?skind","5;23;38;41;45;68;82;98;135;190;218;224;254;333;338;343;358;399;404;467;480;508;562;598;626;637;679;681;698;744;752;772;850;895;902;907;918;924;962;982;997","23:3;38:5;41:4;68:4;82:4;218:3;224:4;254:3;333:5;338:4;343:3;358:3;399:2;404:5;480:4;626:2;637:3;679:3;681:4;698:4;744:3;772:2;850:2;895:4;902:3;918:5;924:3;962:2;982:4;997:4",""
"30","Maruf Nawar","Science Fiction;Biography;Business","H.G. Wells;Douglas Adams;Veronica Roth;Suzanne Collins","4;18;23;28;41;61;76;82;112;118;133;135;148;214;305;344;399;404;513;540;562;589;598;681;692;698;705;724;744;752;767;772;796;996","4:3;23:3;28:3;41:2;76:3;82:4;133:5;214:2;305:5;344:3;404:4;513:4;562:4;589:2;598:2;681:3;724:5;744:2;752:3;767:3;996:2",""
"31","Nabil Das","Science Fiction;Programming;Fantasy","Kate Egan;Veronica Roth;Suzanne Collins;Douglas Adams","1;2;9;11;14;21;32;34;36;46;61;76;77;148;168;170;185;265;305;314;396;406;429;470;484;499;510;535;636;711;724;767;772;845;863;916","1:3;2:3;9:3;11:4;32:3;34:4;36:5;46:3;61:4;76:3;77:5;148:3;168:3;170:3;265:4;406:5;535:3;636:2;724:5;767:5;772:5;845:4;863:3;916:4",""
"32","Ayan Jahan","Fiction;Romance;History","Robert Louis Stevenson;Robert C. O'Brien;Virginia Woolf;Stephen King","12;30;48;83;114;178;219;226;240;276;300;317;337;413;424;431;446;455;483;497;505;544;578;620;629;649;668;690;701;708;713;745;746;750;762;804;809;870;882;893;911;917;921;932","12:3;30:4;48:4;114:3;178:3;226:4;240:3;300:5;317:4;337:4;424:3;446:2;483:3;497:3;544:5;578:5;620:5;629:2;649:2;690:4;708:3;713:2;745:3;746:5;762:4;804:3;870:4;893:3;911:5;917:2;932:5",""
"33","Nusrat Chowdhury","Fantasy;Business;Programming","Brandon Sanderson;J.R.R. Tolkien;George R.R. Martin;Jonas Jonasson","1;2;9;24;31;32;34;103;117;214;291;381;397;488;535;572;589;608;610;618;668;709;720;833;869;954","1:5;2:4;9:4;24:4;32:3;34:3;103:2;117:4;214:2;291:5;397:2;488:3;572:3;589:4;608:2;610:4;618:5;709:3",""
"34","Iffat Chowdhury","Fantasy;Fiction;Thriller","J.K. Rowling;Chuck Dixon;Patrick Rothfuss;Marie Kond?","10;20;22;24;26;38;68;150;155;168;172;224;239;314;323;324;343;358;397;400;404;429;439;458;473;480;508;523;590;593;618;679;721;759;823;837;862;920;927;942;982","20:5;24:5;38:4;68:5;150:3;155:5;168:5;224:5;239:5;314:5;324:5;343:4;358:4;397:3;400:3;404:4;429:5;458:4;473:5;480:3;508:3;590:4;593:4;618:4;679:4;862:5;927:3",""
"35","Iffat Arefin","History;Biography;Programming","Aldous Huxley;C.S. Lewis;Joe Haldeman;Charlaine Harris","1;2;9;23;34;41;44;62;73;82;135;151;228;321;399;410;454;505;539;554;562;565;598;607;649;681;698;713;744;752;772;790;804;816;921","1:4;2:5;9:4;34:4;41:3;44:3;62:3;82:4;228:2;399:2;410:4;454:3;539:2;554:3;562:4;565:3;598:2;607:3;681:2;698:4;713:4;772:2;790:2;816:4;921:4",""
"36","Tuba Roy","History;Programming;Fiction","Leo Tolstoy;Jostein Gaarder;John Scalzi;C.S. Lewis","1;2;9;34;44;62;65;133;144;151;166;169;201;238;267;293;333;337;352;497;505;565;591;603;642;649;684;692;713;722;795;857;917;929;955;976","1:3;2:4;9:4;34:3;44:2;62:4;65:2;144:3;166:3;169:3;201:3;267:4;293:4;333:5;337:5;352:3;505:3;591:4;642:2;649:2;684:2;722:2;795:3;917:2;955:3",""
"37","Samira Faisal","History;Productivity;Biography","H.G. Wells;Kim Edwards;C.S. Lewis;Susan Cain","7;23;25;26;41;44;62;82;91;118;135;151;321;392;399;416;501;505;550;554;562;598;681;695;698;744;752;762;772;826;885;901;921","7:4;25:5;26:5;41:3;44:2;62:2;82:2;118:4;135:4;392:4;399:4;505:2;554:2;681:4;744:2;752:2;772:4;885:2;901:3;921:4",""
"38","Zayan Khan","Science Fiction;Thriller;Self Help","Suzanne Collins;Douglas Adams;Ray Bradbury;Veronica Roth","5;28;38;55;68;112;148;172;180;190;198;218;224;254;276;343;344;358;389;404;418;439;457;467;480;508;510;626;637;679;724;767;796;845;897;902;924;950;974;982;997","5:4;28:5;55:4;68:3;112:3;180:3;190:4;218:3;224:3;254:2;276:3;343:5;344:4;389:3;404:5;439:4;457:3;467:3;480:5;508:5;510:4;637:3;679:4;724:3;845:4;974:2;982:3;997:4",""
"39","Shadman Rahman","Business;Romance;Fiction","Janet Evanovich;Robert T. Kiyosaki;Jane Austen;J.R. Ward","16;19;30;34;99;100;176;183;205;214;223;245;255;284;354;407;412;415;446;458;589;658;683;690;693;701;723;766;804;828;848;896;925","16:5;30:3;34:4;183:5;205:4;214:4;245:4;255:4;354:4;407:2;415:3;458:3;589:3;658:3;683:5;693:4;701:2;804:3;848:3;896:4;925:5",""
"40","Anik Shuvo","Programming;Biography;Business","Dan Brown;Andrew Hunt;Robert C. Martin;Stanley B. Lippman","1;2;9;23;34;41;82;135;214;227;391;399;562;589;598;673;681;698;701;731;744;752;772;814;945;948","1:3;2:3;9:5;34:5;41:4;82:2;135:2;214:4;589:2;598:4;681:2;698:4;752:4;772:3;814:2;945:5",""
"41","Nabil Chowdhury","Programming;Fiction;Self Help","Robert C. Martin;Andrew Hunt;Stanley B. Lippman;Dan Brown","1;2;5;9;34;40;63;91;93;120;124;180;190;218;236;254;259;303;358;374;430;446;456;461;467;536;626;631;637;647;902;907;924;980;997","1:3;2:5;9:4;34:5;63:3;180:4;190:3;218:2;254:3;259:5;303:3;358:3;430:3;446:2;456:4;461:4;536:5;631:4;637:3;647:4;902:3;924:3;980:4",""
"42","Sabbir Rahim","Science Fiction;Romance;Programming","Kate Egan;Suzanne Collins;Isaac Asimov;Orson Scott Card","1;2;4;9;11;21;28;34;47;62;215;240;283;305;361;366;407;419;427;440;452;499;632;635;695;701;723;724;767;796;828;845;896;897;910;993","1:3;2:4;4:3;9:5;11:3;21:3;28:5;34:5;47:4;215:3;305:5;361:4;366:4;407:3;427:4;452:5;632:2;635:2;723:2;724:3;796:5;828:3;845:3;896:4;910:2;993:2",""
"43","Tanim Khan","Romance;Thriller;Biography","Nicholas Sparks;J.R. Ward;Robert Munsch;Francine Rivers","23;30;38;41;68;82;114;135;196;224;314;343;399;404;427;440;480;488;508;511;562;598;615;663;679;681;690;693;698;719;744;752;772;778;803;826;848;858;896;982","23:3;30:4;38:5;68:4;82:3;135:2;224:5;343:4;399:4;404:4;427:4;480:5;488:3;511:4;562:2;598:3;615:2;679:4;693:3;698:4;772:3;778:2;848:2;858:4;896:3;982:3",""
"44","Afra Das","Fiction;Science Fiction;Programming","Doris Kearns Goodwin;David Levithan;Abraham Verghese;Dennis Lehane","1;2;9;22;34;35;55;61;76;77;100;107;112;291;298;305;327;344;499;510;521;649;675;678;767;775;782;796;833;843;844;845;847;866;877;889","1:3;2:5;9:4;34:4;55:4;76:3;77:3;100:5;107:5;112:5;291:5;298:5;305:5;327:4;499:5;649:3;675:4;678:3;775:4;796:4;833:5;843:4;844:4;845:4;847:3;877:3",""
"45","Adib Faisal","Romance;Self Help;Thriller","J.R. Ward;Jane Austen;Nicholas Sparks;Gabriel Garc?a M?rquez","5;19;38;68;176;190;218;224;240;254;276;309;343;404;407;432;467;478;480;482;508;511;544;559;623;626;637;648;679;693;828;870;896;902;907;924;982;996;997","5:3;19:3;38:4;68:3;176:3;190:4;224:3;240:2;254:4;276:4;343:3;404:4;407:2;508:3;544:2;559:2;626:3;637:3;648:3;679:3;693:4;828:2;896:4;902:3;982:3;997:4",""
"46","Shadman Chowdhury","Science Fiction;Biography;Self Help","Douglas Adams;Ray Bradbury;Kate Egan;Isaac Asimov","5;21;23;25;41;55;61;62;77;82;135;149;157;180;254;258;283;305;344;358;399;451;467;499;544;562;598;626;637;681;698;724;741;744;752;772;796;897;902;907;924;937;997","23:4;41:3;55:5;61:5;62:2;135:4;149:4;180:2;283:4;344:3;399:3;467:3;499:4;544:4;626:2;637:3;681:3;698:3;724:5;741:4;744:3;752:2;796:4;897:3;907:4;924:3;997:2",""
"47","Sajid Faisal","Science Fiction;Fiction;Programming","Kate Egan;Frank Herbert;Andy Weir;Orson Scott Card","1;2;4;9;11;34;40;50;61;76;77;81;98;112;148;207;260;334;369;376;408;420;506;514;548;571;644;694;719;724;758;796;815;845;852;942","1:3;2:4;4:5;9:5;11:4;34:3;40:2;50:2;77:4;81:2;148:4;260:5;376:3;408:5;506:2;548:3;571:4;644:4;724:5;758:5;796:3;815:3;845:3;852:4;942:3",""
"48","Ishmam Hasan","Fiction;Business;Romance","Janet Fitch;Robert Jordan;Joseph Conrad;Stephen King","48;114;177;204;214;226;237;276;308;333;340;407;427;436;440;465;478;511;522;589;594;641;690;729;764;812;834;842;870;931;952;960;982;993","177:3;204:3;214:2;226:4;237:2;308:5;333:3;340:5;407:4;427:3;465:4;511:2;522:3;589:4;594:4;690:3;729:4;834:3;842:4;870:2;952:5;960:5;993:2",""
"49","Tahmid Karim","Productivity;Biography;Programming","Cal Newport;Helen Fielding;Arthur Golden;Jenny  Lawson","1;2;3;7;9;23;34;41;82;135;175;294;368;399;562;598;681;698;744;752;760;772;843;874;1000","1:3;2:3;7:4;9:5;34:5;41:2;82:2;135:4;294:3;368:5;598:4;681:4;698:3;752:3;772:4;874:4",""
"50","Ayan Anwar","Romance;Biography;Business","Jane Austen;Nicole Krauss;Nicholas Sparks;Jenny Han","15;23;39;41;82;114;135;159;178;182;206;214;223;237;350;356;399;408;419;427;478;562;589;598;681;698;723;744;752;772;834;848;874;896","15:5;23:3;41:2;82:3;114:2;178:2;182:5;206:2;214:4;237:3;399:3;408:4;419:3;562:3;589:2;698:2;752:3;772:4;834:3;874:3;896:3",""
"51","Samira Rahim","Thriller;Business;Productivity","Agatha Christie;Vincent Bugliosi;Alexander McCall Smith;Gillian Flynn","7;30;38;68;200;214;224;293;343;404;418;480;508;555;568;589;679;799;928;982","7:3;30:4;38:5;68:4;200:3;214:3;224:5;404:3;418:2;480:3;508:5;555:4;568:5;589:3;679:5;799:3;982:3",""
"52","Sami Islam","Romance;Fantasy;Fiction","Ally Carter;Jane Austen;Nicholas Sparks;Alice Sebold","6;12;30;40;70;94;145;159;239;259;276;314;324;326;385;406;416;438;449;454;458;511;524;546;572;578;610;647;663;690;717;735;759;780;828;882;884;896;903;967;971;984;993","6:4;12:5;30:4;40:5;70:4;159:4;239:2;259:3;276:2;314:3;324:2;385:5;438:4;449:4;458:4;511:4;546:3;572:3;578:2;647:4;663:3;717:4;759:4;828:2;884:4;971:3;984:3",""
"53","Adib Rahim","Fantasy;Romance;Biography","Emily Bront?;Brandon Sanderson;George R.R. Martin;J.K. Rowling","6;10;23;35;41;70;82;83;117;135;172;181;192;237;240;259;265;276;323;349;399;419;427;446;458;481;559;562;569;598;615;681;683;698;709;725;744;752;772;848;869;874;882;977","23:3;35:3;41:3;70:3;83:2;117:4;172:4;181:4;192:5;240:3;265:5;276:4;349:3;399:4;419:2;427:2;446:5;458:2;481:3;562:4;569:4;598:4;683:3;698:3;744:4;752:2;848:4;869:4;874:4",""
"54","Iftekhar Faisal","Business;Fiction;Biography","Janet Evanovich;Robert T. Kiyosaki;Elizabeth Kostova;Nora Roberts","23;41;82;135;165;184;214;256;274;282;327;356;363;399;418;421;464;476;562;589;596;598;602;681;698;722;744;752;761;772;843;886;914","23:3;41:3;135:3;184:4;214:2;256:5;274:4;282:5;421:4;464:5;476:5;562:2;589:3;596:2;602:3;681:2;744:2;752:2;772:2;843:3;914:5",""
"55","Nafis Azad","Fantasy;Science Fiction;Romance","J.K. Rowling;Rick Riordan;J.R.R. Tolkien;George R.R. Martin","10;19;21;25;28;29;33;76;77;112;114;117;148;159;172;212;237;265;276;288;293;305;314;353;361;400;440;470;610;644;690;715;723;724;742;767;828;834;897;916;921;971;980;993","19:2;21:5;25:5;29:3;33:3;112:3;148:5;159:2;172:4;237:3;265:5;276:4;305:3;353:3;361:4;440:3;610:5;644:3;690:3;715:5;723:3;724:4;897:3;916:3;921:3;971:4;980:4;993:3",""
"56","Jawad Tahsin","Fantasy;Business;Self Help","J.K. Rowling;Neal Shusterman;Brandon Sanderson;Robert Jordan","5;31;59;60;140;144;190;214;218;254;265;277;282;314;353;358;467;527;544;589;610;618;626;637;708;718;749;759;869;907;916;924;967;997","5:3;31:4;59:3;60:2;140:2;190:4;214:2;218:4;265:3;358:4;527:3;544:3;589:3;610:4;618:4;637:4;708:2;718:5;749:4;869:3;907:3;967:3;997:4",""
"57","Afra Kabir","Productivity;Science Fiction;Fiction","Cal Newport;Orson Scott Card;Arthur C. Clarke;Veronica Roth","4;7;11;14;21;25;112;122;148;210;223;312;344;414;416;460;469;482;499;510;591;612;627;634;644;669;767;783;802;818;845;946;975","4:3;7:3;11:3;14:2;25:4;112:3;210:4;223:5;414:4;460:2;469:3;482:5;499:4;510:3;627:3;634:5;644:3;669:4;767:5;802:3;818:4;946:3",""
"58","Lamisa Morshed","Self Help;Romance;Biography","Cassandra Clare;Joan Didion;Charles Duhigg;Jason Fried","5;23;41;51;60;61;82;135;178;180;190;195;218;254;276;278;358;397;399;419;544;550;559;562;598;626;637;663;681;698;701;744;750;752;772;778;804;834;835;870;896;902;907;997","5:4;23:3;51:4;61:5;135:4;178:4;190:2;195:3;218:3;276:4;358:4;397:4;544:2;550:2;598:3;663:3;681:2;698:4;701:3;744:2;750:2;752:4;772:3;778:3;834:3;835:4;896:4;902:2;907:3;997:3",""
"59","Samira Hossain","Fiction;Self Help;Fantasy","Lisa Genova;Andre Dubus III;Scott Turow;Larry McMurtry","5;6;24;26;51;65;84;89;122;142;180;190;196;218;340;342;350;358;420;436;467;470;488;508;527;544;549;577;618;626;637;657;735;736;764;892;902;907;926;927;937;970;973;997","5:4;6:4;24:3;51:5;65:5;84:3;89:5;122:2;180:3;190:3;196:3;340:5;342:5;350:5;358:4;436:4;470:4;508:3;527:3;544:2;577:4;618:4;626:2;637:4;657:5;736:4;764:5;892:4;902:4;926:2;927:3;973:4",""
"60","Shafin Morshed","Thriller;History;Programming","Vincent Bugliosi;Gillian Flynn;James Patterson;Agatha Christie","1;2;9;34;38;44;57;68;118;129;163;224;309;343;381;392;404;480;508;510;557;642;679;684;713;816;865;901;917;940;976;982","1:5;2:4;9:5;34:3;38:5;68:4;118:3;163:4;224:4;309:3;343:5;381:3;392:2;404:4;508:3;557:4;679:4;684:3;713:3;865:5;901:2;917:4;940:5;982:3",""
"61","Nazia Faisal","Biography;Fiction;Fantasy","Helen Fielding;Stephen King;Walter Isaacson;Arthur Golden","23;41;82;93;94;105;117;135;142;146;162;166;172;199;228;286;316;347;349;357;396;399;414;479;562;572;598;610;625;675;681;698;718;744;752;753;765;772;774;799;818;946;977;979","41:4;82:3;93:5;94:4;105:4;117:5;135:3;142:3;166:5;172:3;286:5;347:5;349:5;396:4;414:3;479:3;572:4;598:2;625:5;675:2;698:4;744:2;752:2;772:2;799:3;818:5;977:4;979:5",""
"62","Tasnia Tahsin","Science Fiction;History;Fiction","Suzanne Collins;Veronica Roth;Isaac Asimov;Orson Scott Card","4;11;25;44;60;62;76;118;129;133;197;219;240;318;344;352;374;410;446;451;455;485;497;501;505;509;510;514;550;554;565;601;631;697;724;745;767;796;814;897;903;929;990;992","4:4;25:3;44:4;62:2;76:3;133:4;197:3;219:3;374:3;410:4;497:4;505:3;509:3;514:4;554:3;565:2;601:4;631:4;697:2;745:4;767:3;796:4;814:5;897:3;903:3;929:4;990:3",""
"63","Abrar Das","Biography;Science Fiction;Productivity","Malcolm X;Walter Isaacson;Ishmael Beah;Stephen King","7;21;23;41;55;76;77;82;120;132;133;135;148;153;282;283;399;421;499;514;522;562;598;622;681;698;711;724;744;752;767;772;796","7:2;21:3;23:2;41:3;55:4;76:4;120:3;132:4;133:4;135:2;148:3;153:2;282:5;421:4;499:3;598:2;622:5;698:3;744:3;752:3;767:4;772:4;796:5",""
"64","Nabil Mahmud","Productivity;Romance;Science Fiction","Cal Newport;Stephen King;Jane Austen;Alice Sebold","4;7;21;25;30;55;76;77;123;148;176;178;195;276;298;309;361;419;439;478;488;511;514;578;581;597;615;644;724;767;778;934;993","4:3;7:3;21:5;30:2;76:5;123:4;148:5;195:2;276:4;298:3;309:2;419:3;478:4;514:3;578:2;581:5;644:3;724:4;767:5;778:4;934:4;993:2",""
"65","Nafis Rahman","Fantasy;Romance;Productivity","Diana Gabaldon;J.K. Rowling;George R.R. Martin;Bill Martin Jr.","6;7;30;32;46;52;73;114;168;176;195;240;397;438;440;458;470;478;530;535;556;578;659;663;686;693;702;851;863;870;916;963;993","6:3;7:4;30:2;32:5;46:4;52:2;168:4;397:4;438:3;440:4;470:5;478:4;530:2;556:3;578:3;663:2;686:3;693:3;851:5;863:5;870:2;963:3;993:2",""
"66","Raisa Chowdhury","Productivity;Biography;Self Help","Cal Newport;Anne Frank;Walter Isaacson;Malcolm X","5;7;23;41;82;135;180;218;230;254;358;360;399;467;478;544;562;598;622;626;681;698;744;752;761;772;827;833;902;905;907;924;997","5:3;7:2;23:3;41:2;135:4;218:3;230:4;467:3;478:4;544:2;562:4;622:5;626:2;698:2;744:3;752:2;772:4;827:3;833:3;902:2;907:2;924:3",""
"67","Adib Islam","Thriller;Fantasy;Romance","Paula Hawkins;Gillian Flynn;James Patterson;Agatha Christie","29;31;38;68;73;83;105;114;174;195;224;237;240;276;314;343;349;361;404;429;440;458;478;480;508;535;572;580;614;615;629;668;669;679;701;735;768;863;869;977;982","29:4;31:4;38:5;68:5;83:2;105:3;114:4;195:4;224:5;237:2;314:5;343:4;361:4;404:5;429:4;458:2;478:2;480:3;535:3;629:4;668:3;669:4;679:4;701:3;735:3;768:5;863:4;982:3",""
"68","Nayeem Morshed","Business;Science Fiction;Biography","Janet Evanovich;Robert T. Kiyosaki;Arthur C. Clarke;Suzanne Collins","4;10;21;23;25;28;41;82;92;112;133;135;168;214;292;301;310;399;499;510;514;562;589;598;636;644;660;681;698;744;752;767;772;796","4:3;23:2;28:5;41:4;92:4;133:4;168:4;214:2;310:3;399:2;499:5;510:3;514:4;562:3;589:3;598:2;636:4;698:2;752:3;767:3;772:4;796:4",""
"69","Mehedi Sarker","Productivity;Business;Programming","Cal Newport;Robert T. Kiyosaki;Janet Evanovich;Andrew Hunt","1;2;7;9;34;145;158;214;285;316;368;589;723;782;935","1:5;2:5;7:2;9:4;34:3;145:2;158:4;214:2;316:4;368:2;589:3;723:4;782:5",""
"70","Muntasir Roy","Romance;Business;Thriller","J.R. Ward;William Gibson;Robert Munsch;Jane Austen","19;38;68;176;180;214;224;237;240;249;322;343;404;407;440;458;480;508;571;588;589;615;679;693;734;790;848;870;896;961;982","38:3;68:5;176:4;180:5;214:2;224:5;237:3;240:4;322:2;343:5;404:4;407:4;440:3;458:2;480:3;508:3;588:2;589:2;615:2;790:5;848:2;961:3;982:5",""
"71","Anan Anwar","History;Self Help;Productivity","Michael Pollan;Betty Edwards;Robert Jordan;John Irving","5;7;76;83;180;190;218;246;254;337;358;392;413;446;455;483;487;497;505;518;544;557;626;637;685;703;753;779;902;907;921;990;997","7:3;218:2;246:4;254:3;337:3;358:2;413:2;446:3;483:2;505:4;518:2;544:4;557:3;626:2;637:2;753:5;902:2;990:2;997:4",""
"72","Ayan Rahim","Programming;Thriller;Self Help","Dan Brown;Andrew Hunt;Robert C. Martin;Stanley B. Lippman","1;2;5;9;34;38;68;180;190;218;224;254;343;404;456;467;480;481;508;626;637;679;735;736;808;809;842;859;902;907;924;982;997","1:3;2:3;5:2;9:3;34:3;38:4;68:5;180:4;190:4;218:3;224:5;343:3;404:3;456:4;467:4;480:3;508:3;626:4;808:3;809:4;902:3;982:3;997:2",""
"73","Sharmeen Azad","Fiction;History;Romance","Alan Moore;Robert Jordan;Beatrice Sparks;Louise Rennison","19;36;39;47;90;156;206;228;276;293;321;361;372;375;413;415;432;446;455;476;483;486;501;516;517;557;578;604;615;642;663;664;672;693;710;816;848;854;856;870;901;921;962;976","19:4;36:4;39:3;90:3;206:4;276:3;372:3;413:2;432:5;446:4;476:4;483:4;486:5;501:2;517:5;557:3;578:2;604:5;615:4;642:3;664:5;693:3;816:2;848:3;854:3;856:3;870:4;921:4",""
"74","Maliha Karim","History;Biography;Programming","Richard Russo;C.S. Lewis;John Irving;Terry Pratchett","1;2;9;23;34;41;44;82;122;135;151;337;344;381;389;399;410;483;554;557;562;598;649;670;681;698;713;744;752;772;836;901;955;992;993;994","1:5;2:5;9:3;34:5;44:3;122:4;135:3;151:2;337:5;389:5;399:4;410:3;483:3;557:2;562:4;670:2;681:3;698:4;744:2;752:4;772:4;836:2;901:3;955:2;993:4",""
"75","Shahriar Rahim","Fantasy;Thriller;Science Fiction","J.R.R. Tolkien;Thomas Harris;Jonas Jonasson;Patrick Rothfuss","4;12;21;28;31;33;38;61;68;77;122;133;196;224;314;343;382;404;429;438;439;444;480;488;508;510;533;554;569;587;600;618;679;709;724;796;845;875;897;949;982","4:5;12:5;21:5;33:5;38:4;61:3;68:3;77:3;122:4;196:5;224:4;314:4;343:5;404:3;438:3;444:3;508:5;510:4;554:5;569:5;618:5;679:4;709:3;724:4;796:5;845:3;875:4;949:2;982:3",""
"76","Hasib Hossain","Romance;Science Fiction;Business","Alice Sebold;Jane Austen;Nicholas Sparks;Gary Chapman","4;8;21;25;28;30;47;76;77;78;83;159;214;305;407;419;427;458;499;514;578;585;589;690;723;724;727;785;796;828;897;948;965;993","4:4;25:4;30:2;76:3;77:5;78:4;83:2;214:4;305:3;407:5;419:3;458:3;514:5;578:2;585:4;589:3;690:2;723:3;724:5;727:3;785:5;796:5;828:3",""
"77","Adib Azad","Programming;Science Fiction;Fiction","Stanley B. Lippman;Robert C. Martin;Andrew Hunt;Dan Brown","1;2;9;11;28;34;61;76;113;133;135;148;263;283;290;305;311;413;426;439;449;471;510;514;599;642;677;721;722;728;845;854;864;866;875;932","1:4;2:3;9:4;11:3;34:3;61:4;76:3;135:3;148:4;290:4;305:3;311:5;426:5;449:5;471:2;510:4;514:4;728:4;845:4;854:4;864:5;866:3;875:5;932:3",""
"78","Sanjida Azad","Fiction;Science Fiction;Programming","Arthur Conan Doyle;Richelle Mead;Natalie Babbitt;Rebecca Skloot","1;2;4;9;11;25;34;54;55;59;76;112;148;205;215;218;256;351;391;397;510;521;584;598;644;647;651;707;748;751;796;798;839;845;861;897","1:4;2:4;9:5;11:4;34:5;54:2;55:3;59:4;76:3;112:5;148:3;205:3;215:3;218:4;351:4;391:3;397:4;521:4;584:5;644:5;647:4;651:4;796:3;798:4;845:3",""
"79","Shahriar Ahmed","Biography;Self Help;Science Fiction","Kenneth Branagh;Arthur Golden;James Patterson;Jenny  Lawson","4;5;11;21;23;25;39;41;43;61;82;133;135;148;190;194;254;283;358;398;399;439;467;544;562;598;626;637;681;698;728;734;744;752;767;772;845;897;902;907;924;957;997","5:3;11:4;21:5;25:4;41:3;82:2;133:3;148:5;190:4;194:2;283:5;358:4;398:2;399:4;439:3;544:4;562:3;598:3;626:4;637:4;681:3;698:4;734:3;752:2;845:4;902:2;957:5;997:3",""
"80","Zayan Morshed","Thriller;Business;Fantasy","James Patterson;Tana French;Paula Hawkins;Patrick S?skind","6;10;24;29;38;68;172;185;214;224;246;286;332;343;349;363;400;404;436;470;480;508;569;589;679;758;819;932;963;971;982","6:5;10:4;24:5;38:5;68:3;172:5;185:5;214:2;224:5;246:2;343:3;363:5;404:4;436:5;470:5;480:3;508:4;569:5;589:3;679:3;758:4;819:3;971:5",""
"81","Nayeem Hossain","Self Help;Fiction;Thriller","Joan Didion;James Clear;Cassandra Clare;Stephen R. Covey","5;38;60;68;129;180;190;194;198;203;206;218;224;243;254;304;343;404;467;470;480;503;508;544;550;569;594;626;637;679;721;868;879;902;907;918;924;954;982;992","5:4;38:5;60:3;68:3;190:2;194:3;203:4;206:3;224:3;243:3;254:2;304:3;343:4;404:3;467:3;470:2;480:5;508:4;550:3;637:3;721:3;868:4;879:3;902:2;907:4;918:3;924:4;982:5;992:5",""
"82","Raisa Shafiq","Productivity;Self Help;History","Cal Newport;Daniel Kahneman;Cassandra Clare;Joe Abercrombie","5;7;180;190;218;246;337;358;381;411;437;446;467;483;497;557;626;637;642;646;713;750;846;902;907;921;924;932;948;955;977;990;997","7:4;180:2;190:2;218:2;246:3;358:2;381:4;446:2;483:2;497:2;626:3;637:2;642:3;713:2;902:4;924:2;932:4;990:3",""
"83","Iram Anwar","Productivity;Self Help;Science Fiction","Cal Newport;Malcolm Gladwell;Richard Dawkins;Daniel Kahneman","5;7;21;28;55;61;133;180;181;218;254;275;283;305;325;344;358;394;439;514;544;549;583;626;637;796;845;902;907;924;939;997","5:2;7:4;21:4;28:5;55:3;180:3;218:3;254:2;275:2;305:5;344:3;394:4;439:5;514:5;583:5;626:3;637:2;796:4;902:3;907:2;939:5",""
"84","Nabil Rahim","Self Help;Thriller;Programming","Cassandra Clare;Jason Fried;Richard Dawkins;Daniel Kahneman","1;2;5;9;34;38;68;190;218;224;254;331;343;358;401;404;433;467;480;508;544;546;626;679;734;797;902;907;924;961;966;982;997","1:5;2:3;9:4;34:5;38:4;68:3;190:2;224:5;254:2;331:2;343:5;358:2;404:5;467:3;480:4;508:5;626:2;734:4;902:2;907:2;961:4;966:5;982:3;997:2",""
"85","Tasnia Anwar","Self Help;History;Programming","James Clear;Cassandra Clare;Malcolm Gladwell;Richard Dawkins","1;2;5;9;18;34;44;62;180;190;218;246;254;354;358;392;446;451;467;483;497;509;544;554;557;637;647;649;809;902;907;917;920;955;967;997","1:3;2:5;5:3;9:3;34:3;44:2;62:3;218:4;246:3;254:2;354:4;358:3;392:3;446:4;451:3;483:2;497:4;544:2;637:3;647:4;902:3;907:2;917:3;967:2",""
"86","Hasib Karim","Self Help;History;Programming","Jason Fried;Anthony Burgess;Malcolm Gladwell;Daniel Kahneman","1;2;5;9;16;34;67;180;190;218;254;358;379;381;392;410;413;419;455;483;557;626;637;662;681;713;762;823;902;907;917;921;924;961;990;997","1:4;2:3;5:2;9:3;34:3;67:5;180:2;190:3;218:3;379:2;381:3;392:3;410:2;413:2;455:3;483:3;557:2;626:4;637:4;662:3;823:4;902:3;961:3;990:3;997:2",""
"87","Mahin Rahman","Fiction;Business;Biography","Kody Keplinger;Jules Verne;Alexandre Dumas;Mark Haddon","23;41;45;67;82;100;123;135;214;228;332;349;399;420;459;538;560;562;589;598;621;681;698;706;744;752;768;772;779;831;837;940;952;958","23:2;41:3;45:5;67:5;100:5;123:4;135:4;214:3;228:5;349:5;399:2;420:3;589:2;598:4;681:3;698:4;706:4;772:4;779:2;831:5;837:5;940:5;952:5;958:2",""
"88","Iftekhar Nawar","Romance;Science Fiction;Business","Francis Chan;Sam McBratney;Ally Carter;Nicholas Sparks","4;21;25;28;67;75;77;133;178;214;237;240;259;309;344;358;361;407;439;478;483;514;589;620;663;724;796;804;848;862;870;874;897;993","25:3;75:5;133:4;214:3;259:2;309:4;344:4;407:4;439:3;478:2;483:2;514:5;589:4;663:2;724:4;796:3;804:3;848:2;862:5;870:4;897:5;993:2",""
"89","Sharmeen Khan","Romance;Thriller;Fiction","Nicholas Sparks;Robert Munsch;Jane Austen;Emily Giffin","16;38;51;57;68;83;103;105;119;159;178;183;224;255;257;263;343;361;365;404;425;426;427;480;508;551;559;613;615;625;656;679;690;701;777;804;949;960;982;993","38:5;57:5;68:4;103:3;105:5;119:3;159:2;178:3;224:5;257:2;343:4;365:5;404:5;426:5;427:3;480:5;508:4;551:3;559:2;613:3;615:3;625:3;656:2;690:2;701:2;949:4;982:3;993:3",""
"90","Abrar Mahmud","Fiction;Programming;History","Sharon Creech;Shel Silverstein;Geraldine Brooks;Masashi Kishimoto","1;2;9;18;34;44;57;118;120;196;205;220;246;269;385;399;413;460;497;500;501;534;554;587;601;642;653;684;714;738;842;908;921;943;976;990","1:4;2:5;9:5;34:5;57:4;118:4;220:5;246:3;500:3;501:3;534:5;554:3;587:5;642:4;653:3;684:4;714:3;738:3;842:5;908:5;976:4;990:4",""
"91","Rukaiya Rahman","Science Fiction;Thriller;Romance","Kate Egan;Suzanne Collins;Ray Bradbury;Isaac Asimov","11;28;30;38;51;65;68;76;83;98;112;114;148;172;176;178;224;283;293;305;343;382;404;480;508;511;514;545;559;644;677;679;690;724;845;848;874;897;932;955;982","28:5;38:4;51:4;68:4;98:5;112:4;114:3;176:4;178:2;224:5;283:4;305:5;343:5;382:3;404:4;508:5;514:5;545:4;559:2;644:4;679:4;690:3;724:4;848:2;874:2;897:4;982:4",""
"92","Maruf Nawar","Business;Programming;Thriller","Robert T. Kiyosaki;Janet Evanovich;Dan Brown;Stanley B. Lippman","1;2;9;34;38;68;80;214;224;279;315;343;404;441;480;508;530;589;679;702;754;982","1:5;2:5;9:3;34:4;38:3;68:5;214:2;224:3;343:3;441:4;480:3;508:5;530:2;589:3;679:5;702:3;982:3",""
"93","Maruf Arefin","Biography;Science Fiction;Programming","Stephen King;Anne Frank;Helen Fielding;Ishmael Beah","1;2;4;9;11;23;25;28;34;41;76;82;112;133;135;178;192;305;344;399;439;493;499;562;598;630;631;681;684;698;744;752;772;836;885;897","1:3;2:3;9:5;11:3;23:3;25:4;28:4;34:5;82:2;133:4;135:4;178:5;192:4;344:5;439:4;499:4;598:3;630:4;631:2;681:2;698:3;744:2;772:4;897:3",""
"94","Nabil Arefin","Self Help;Fantasy;Programming","Richard Dawkins;Cassandra Clare;Daniel Kahneman;Malcolm Gladwell","1;2;5;9;33;34;35;180;190;195;196;218;254;265;312;353;406;436;467;470;473;480;535;544;554;590;603;626;637;833;851;902;907;916;971;997","1:4;2:3;5:4;9:3;33:5;34:4;35:3;195:5;218:4;254:2;265:5;353:4;436:5;467:4;470:5;473:5;535:4;544:4;590:5;603:5;626:4;833:3;907:2;916:5;997:3",""
"95","Afra Jahan","Thriller;Fantasy;Productivity","Vincent Bugliosi;Paula Hawkins;Alexander McCall Smith;Tana French","7;10;31;33;38;68;142;162;196;199;224;265;343;404;406;425;429;480;508;535;561;566;569;600;601;679;708;862;982;998","7:4;33:4;38:4;68:4;142:3;162:4;196:4;224:4;265:4;404:5;406:5;425:2;480:4;508:3;535:5;566:3;569:3;600:3;679:4;708:3;982:4",""
"96","Arif Hossain","Thriller;Science Fiction;Romance","Paula Hawkins;Vincent Bugliosi;Agatha Christie;Alexander McCall Smith","4;11;25;28;38;51;55;68;76;77;94;148;207;224;259;276;283;343;369;404;480;508;510;511;558;559;615;644;679;685;690;693;701;723;724;778;847;882;982;993;998","4:3;11:4;28:3;38:5;55:4;68:5;76:4;148:5;207:2;224:3;259:5;283:5;404:4;480:4;508:5;511:3;558:3;615:3;644:4;679:3;690:4;693:3;701:4;723:4;778:4;982:3;993:4;998:3",""
"97","Jawad Rahman","Programming;Romance;History","Robert C. Martin;Dan Brown;Stanley B. Lippman;Andrew Hunt","1;2;9;34;36;44;76;83;114;118;206;246;309;337;350;381;392;427;446;468;483;503;511;554;629;663;690;778;816;834;874;913;921;960;976","1:5;2:5;9:4;34:3;36:4;44:2;76:4;114:3;118:3;206:2;337:2;381:3;392:3;427:4;446:2;468:5;503:3;511:3;554:3;629:2;690:2;816:2;834:3;874:4;921:2",""
"98","Nusrat Anwar","Fantasy;Programming;Business","J.R.R. Tolkien;J.K. Rowling;Tracy Chevalier;Robert Jordan","1;2;6;9;12;31;34;38;46;73;117;155;195;214;452;524;589;600;703;715;800;833;851;967;977","1:5;2:5;6:5;9:3;12:4;31:5;34:4;73:5;155:5;214:4;452:2;589:4;600:5;703:2;715:2;800:5;851:3;967:3",""
"99","Anan Sarker","Fantasy;Productivity;Self Help","Lois Lowry;Patrick Rothfuss;Robert Jordan;J.R.R. Tolkien","5;7;33;155;172;180;190;196;218;254;272;286;314;358;388;400;467;470;544;566;579;618;626;694;813;863;902;907;924;952;960;967","7:2;172:5;180:4;190:2;196:3;254:3;272:4;286:4;314:5;400:3;467:3;544:2;566:4;618:4;626:2;813:5;863:3;902:3;924:2;952:5;960:5;967:4",""
"100","Mehedi Islam","Science Fiction;Business;Thriller","Arthur C. Clarke;Ray Bradbury;Isaac Asimov;Suzanne Collins","4;11;21;38;55;61;63;68;77;112;115;133;214;224;226;234;283;343;349;404;439;480;508;510;589;634;679;717;724;820;982","11:3;21:3;38:3;55:4;68:3;77:5;112:5;214:2;224:4;226:4;234:2;343:5;404:4;439:4;480:5;508:5;510:4;589:3;717:5;724:4;982:5",""
"101","Muntasir Arefin","Science Fiction;Thriller;History","Kate Egan;Frank Herbert;Isaac Asimov;Veronica Roth","38;55;61;68;112;132;133;151;178;223;224;246;337;340;343;393;404;439;446;455;480;483;499;508;510;514;554;565;644;679;724;780;781;816;845;897;901;917;955;982;990","55:4;68:4;112:4;132:4;133:3;223:5;224:3;246:2;337:2;343:4;393:3;404:3;439:3;446:4;480:3;508:3;510:4;554:5;565:2;644:3;679:3;724:4;780:3;816:2;845:3;901:4;955:3;982:4;990:4",""
"102","Tanim Anwar","Science Fiction;Romance;Business","Arthur C. Clarke;Veronica Roth;Kate Egan;Ray Bradbury","19;25;30;47;55;76;77;83;112;214;283;344;385;419;458;478;499;510;561;567;589;608;644;648;656;663;683;701;724;778;828;840;870;897","25:5;47:3;76:4;112:5;214:3;344:4;385:4;419:2;458:3;478:3;510:4;561:4;589:4;608:3;644:4;656:2;663:3;683:3;701:2;724:5;778:4;828:3;840:5;897:5",""
"103","Shahriar Ahmed","Biography;Thriller;Self Help","Arthur Golden;Walter Isaacson;James Patterson;Jenny  Lawson","5;23;38;41;68;72;82;135;180;218;224;254;315;339;343;358;371;399;404;467;480;508;562;598;626;637;639;679;681;698;744;752;772;818;902;907;921;924;982;995;997","5:2;23:3;38:3;41:2;68:3;135:3;218:3;224:3;315:4;339:3;343:4;358:3;371:4;404:5;467:2;480:4;508:5;562:2;598:3;626:3;639:2;679:4;681:3;752:2;772:4;902:2;907:4;921:4;924:2;995:5",""
"104","Raisa Rahim","Productivity;History;Biography","Cal Newport;Max Brooks;H.G. Wells;Christopher McDougall","7;23;41;74;82;118;135;218;222;246;373;399;413;455;483;497;550;554;562;565;598;642;652;681;684;698;742;744;752;772;921;990","7:2;23:2;74:5;82:4;218:4;246:4;373:3;399:3;413:3;497:2;554:2;562:4;565:4;652:2;681:2;684:2;698:2;742:4;752:2;772:4;921:4;990:4",""
"105","Sabbir Siddique","Romance;Thriller;Productivity","Nicholas Sparks;Jenny Han;Jane Austen;Erik Larson","7;30;38;68;108;159;178;224;237;303;343;404;419;427;478;480;508;525;559;578;679;701;778;834;848;853;875;886;982","7:3;38:5;68:4;159:4;237:4;303:2;343:3;404:5;427:2;480:3;508:3;559:3;578:3;679:4;701:4;778:2;834:4;853:5;982:4",""
"106","Tanvir Faisal","Business;History;Fiction","Robert T. Kiyosaki;Janet Evanovich;John Irving;Sun Tzu","44;58;67;77;84;102;118;214;273;332;367;389;410;413;423;453;479;483;497;501;534;568;571;589;595;659;713;762;816;846;901;904;955","67:4;84:3;118:2;214:2;273:3;332:4;410:2;413:3;423:5;453:3;479:5;483:3;497:2;568:3;589:2;595:5;659:5;713:4;846:4;901:2;904:4;955:4",""
"107","Raisa Islam","Productivity;Programming;Fantasy","Cal Newport;Dan Brown;Robert C. Martin;Stanley B. Lippman","1;2;7;9;27;34;35;86;126;141;172;286;293;353;396;415;429;436;473;578;709;797;830;869;977","1:4;2:5;7:3;9:4;27:4;34:3;35:4;86:5;126:2;172:4;286:5;293:5;396:3;436:4;473:4;797:5;830:4;869:5",""
"108","Tahsin Morshed","Science Fiction;Biography;Fantasy","Suzanne Collins;Douglas Adams;Andy Weir;Isaac Asimov","4;8;11;23;24;28;41;55;61;77;82;133;135;148;154;162;283;344;399;400;439;502;514;548;562;569;598;610;639;656;681;698;709;718;734;735;740;744;752;772;802;869;927;967","4:5;8:3;23:3;24:3;28:4;55:5;133:3;135:4;148:3;162:5;344:3;399:3;400:4;439:5;502:3;514:5;548:5;562:4;569:3;598:4;610:3;639:4;698:2;734:5;735:5;744:3;772:2;967:5",""
"109","Rashed Ahmed","Thriller;Science Fiction;Biography","Paula Hawkins;Patrick S?skind;Alexander McCall Smith;Vincent Bugliosi","23;28;38;41;61;68;77;82;133;135;148;160;224;283;288;298;332;343;399;404;444;480;508;524;551;562;598;644;653;679;681;698;724;744;752;767;772;796;845;897;982","28:3;38:5;41:3;61:5;68:3;77:5;82:4;135:3;224:4;283:4;298:2;404:4;480:4;508:4;551:5;562:4;598:3;679:4;681:4;698:4;724:5;752:4;796:3;845:5;897:5;982:5",""
"110","Shahriar Siddique","Romance;Business;Biography","Alice Sebold;Nicholas Sparks;William Gibson;Robert Munsch","19;23;30;33;41;82;114;135;159;214;396;399;407;478;480;499;562;589;598;599;615;681;698;701;723;733;744;752;772;828;850;882;896;942","19:2;30:2;41:3;114:2;135:4;159:4;214:2;399:3;407:3;478:4;562:3;589:2;598:4;599:4;615:4;698:2;744:4;752:3;850:5;882:2;942:2",""
"111","Rakin Nawar","Fantasy;Thriller;Romance","Patrick Rothfuss;Margaret Mitchell;J.K. Rowling;Stephen King","10;24;33;38;51;68;73;83;159;162;189;195;196;200;224;274;293;309;314;325;330;343;349;404;419;429;430;478;480;508;527;578;679;701;715;804;813;848;874;915;982","10:5;33:3;38:4;51:3;68:5;73:5;159:2;189:5;195:4;200:2;224:4;274:2;309:3;314:4;330:2;343:3;419:4;429:4;430:2;480:4;508:3;527:5;578:4;679:5;701:2;715:3;804:3;813:3;848:2;982:3",""
"112","Fahim Tahsin","Productivity;Fiction;Thriller","Cal Newport;Lev Grossman;Jennifer Weiner;Robert Louis Stevenson","7;14;18;38;42;68;117;224;300;343;369;376;389;404;472;480;494;508;517;571;591;679;696;747;752;866;884;937;981;982","7:3;18:5;38:5;68:3;117:3;224:4;300:3;343:3;369:5;376:4;389:3;404:3;472:5;480:4;494:4;508:4;517:5;591:4;679:3;696:5;747:2;752:5",""
"113","Rashed Roy","Programming;Productivity;Thriller","Stanley B. Lippman;Robert C. Martin;Dan Brown;Andrew Hunt","1;2;7;9;34;38;68;224;343;347;404;456;464;480;508;531;679;810;812;982","1:5;2:4;7:2;9:5;34:3;38:5;68:3;343:3;347:5;404:4;456:3;464:5;480:3;508:4;531:4;679:4;810:2;982:5",""
"114","Sajid Hossain","History;Fantasy;Thriller","Joe Haldeman;Jules Verne;Howard Zinn;Terry Pratchett","29;35;38;44;62;68;95;117;162;169;196;210;224;248;343;349;381;396;400;404;410;480;483;497;508;546;560;642;670;679;713;731;759;762;833;914;921;927;955;977;982","29:3;35:3;38:3;44:2;95:2;117:4;169:5;210:3;224:5;248:2;343:3;349:5;404:4;410:4;480:3;483:2;508:4;546:4;560:3;642:3;670:4;679:4;713:3;731:2;759:3;762:2;833:3;914:4;921:2;927:5;977:5;982:3",""
"115","Zubair Hasan","Romance;Fiction;Biography","Jane Austen;Nicholas Sparks;Sam McBratney;Melissa Marr","13;19;23;30;41;53;82;83;108;135;160;252;276;309;355;357;399;407;424;450;536;562;566;598;629;632;663;674;681;685;690;698;744;752;754;772;778;804;818;842;870;882;934","13:3;19:3;23:2;30:4;41:3;53:5;82:4;83:2;135:2;160:3;252:5;309:2;355:4;357:3;424:3;536:4;562:3;566:4;598:2;629:3;663:3;681:4;754:4;772:2;818:3;842:4;870:3;882:2;934:3",""
"116","Arif Das","Fantasy;Self Help;Fiction","Diana Gabaldon;Tracy Chevalier;J.K. Rowling;Robert Jordan","5;26;42;70;72;142;155;174;180;190;192;199;218;254;273;331;348;353;358;400;433;449;467;470;484;527;544;546;547;569;577;591;610;637;759;822;825;840;902;907;918;924;958;967","26:5;42:3;72:4;142:3;155:3;174:3;180:2;190:3;199:2;218:4;331:4;353:4;358:2;400:5;433:5;449:5;467:4;470:4;484:2;544:4;547:3;569:5;577:3;591:3;637:3;825:4;902:2;918:3;958:4;967:4",""
"117","Mehedi Karim","Fantasy;Self Help;Romance","George R.R. Martin;Emily Bront?;Patrick Rothfuss;Neal Shusterman","5;19;30;46;70;73;117;142;159;176;180;190;218;254;314;358;427;440;467;478;570;572;578;610;626;637;674;714;718;778;787;813;834;848;851;863;882;902;907;968;984;985;997","5:4;19:2;30:2;46:5;70:3;73:5;117:4;142:3;218:2;314:4;358:2;427:4;467:3;478:2;570:3;572:3;578:4;626:4;637:2;674:5;714:2;718:5;834:3;848:4;882:4;902:3;907:4;984:4;985:5",""
"118","Rashed Roy","Self Help;Programming;Thriller","Charles Duhigg;James Clear;Sheryl Sandberg;Cassandra Clare","1;2;5;9;34;38;55;68;162;180;190;218;224;254;279;343;382;394;399;404;467;480;508;544;626;637;679;772;860;907;924;982;997","1:5;2:3;5:4;9:4;34:5;38:5;55:5;68:4;162:2;190:4;224:3;254:4;279:4;343:5;394:5;399:2;404:5;480:4;544:2;626:4;637:4;679:5;772:3;860:3;907:3;982:4;997:4",""
"119","Ridwan Karim","Fantasy;Romance;Business","Sarah J. Maas;George R.R. Martin;Brandon Sanderson;J.R.R. Tolkien","19;34;46;65;73;83;117;159;162;168;195;214;240;248;252;269;396;427;429;440;478;517;578;589;610;693;718;733;751;759;778;804;869;993","19:2;34:2;65:3;73:5;83:2;117:5;159:3;168:3;195:4;214:4;252:5;269:2;396:5;427:3;589:3;610:5;693:3;751:3;759:5;778:3;804:2;869:3;993:2",""
"120","Ridwan Anwar","Programming;Romance;Science Fiction","Robert C. Martin;Dan Brown;Andrew Hunt;Stanley B. Lippman","1;2;4;9;34;38;47;64;76;112;206;240;303;305;344;383;407;426;427;439;458;510;511;514;526;613;644;710;723;767;804;828;845;896;897;993","1:4;2:5;4:4;9:5;34:5;47:3;64:3;112:3;240:4;305:4;344:4;407:2;426:4;427:3;458:4;510:5;514:4;644:5;710:5;723:2;896:3;897:5;993:2",""
"121","Fahim Arefin","Fantasy;Romance;Self Help","J.R.R. Tolkien;Lois Lowry;Brandon Sanderson;Patrick Rothfuss","5;10;27;30;51;83;168;176;190;199;218;254;358;361;400;409;467;488;527;535;572;610;615;617;626;629;637;647;690;693;761;804;834;848;863;869;874;898;902;907;924;985;997","10:5;27:5;30:4;51:4;83:4;190:2;199:5;358:4;361:3;400:5;409:3;467:4;527:3;610:4;615:3;617:5;626:2;629:3;637:3;834:3;848:2;863:3;869:4;874:2;902:4;907:3;924:3",""
"122","Samira Das","Fantasy;Fiction;Self Help","Tracy Chevalier;J.R.R. Tolkien;John Tiffany;Emily Bront?","5;25;27;29;33;58;70;71;133;155;168;180;190;197;254;286;353;358;365;407;408;429;453;464;467;522;527;544;599;637;643;646;680;751;759;844;881;902;907;909;924;958;977;997","25:4;27:5;29:3;70:3;71:4;155:3;168:5;180:4;190:4;197:4;254:2;286:4;358:2;365:4;453:4;544:4;599:5;637:2;680:5;759:4;844:4;907:4;909:5;924:4;958:4;977:3",""
"123","Jawad Siddique","Thriller;History;Business","Patrick S?skind;Tana French;Paula Hawkins;Alexander McCall Smith","38;44;68;118;182;214;224;321;343;381;392;404;408;413;455;480;505;508;539;589;631;642;679;694;723;901;910;914;976;982;990","44:2;68:5;118:3;214:3;224:3;321:2;343:4;381:3;404:4;408:2;413:3;455:2;480:4;505:4;508:4;539:4;589:4;631:3;679:5;694:2;723:3;976:2;982:3",""
"124","Sajid Anwar","Fantasy;Self Help;Science Fiction","J.K. Rowling;Neal Shusterman;George R.R. Martin;Marie Kond?","5;10;25;28;31;35;55;61;76;96;112;115;142;168;172;180;190;199;218;254;283;305;315;344;349;425;488;510;544;617;626;637;718;724;775;803;897;902;907;924;925;927;971;997","10:5;28:5;31:3;35:5;55:3;61:3;112:4;115:4;168:5;172:4;180:4;190:3;254:2;283:5;305:3;315:3;344:3;349:5;425:3;617:5;626:4;718:4;724:5;803:4;902:4;907:3;924:4;925:4;927:3;997:2",""
"125","Ayan Siddique","Business;Productivity;Biography","Robert T. Kiyosaki;Janet Evanovich;Cal Newport;Helen Fielding","7;19;23;41;82;121;135;153;214;300;322;399;556;562;589;598;681;698;744;752;772;853;949","7:2;19:2;23:4;41:3;82:4;121:2;214:4;300:5;322:2;399:3;556:4;562:2;589:2;698:2;744:3;752:3;949:5",""
"126","Tahmid Sarker","Productivity;Biography;Business","Cal Newport;Helen Fielding;Arthur Golden;Ishmael Beah","7;23;41;82;96;135;175;214;230;253;365;399;527;562;589;598;681;686;698;744;752;772;871","7:4;23:4;41:3;82:4;214:4;253:4;399:4;527:4;589:3;681:2;686:3;698:4;744:4;752:2",""
"127","Mahin Siddique","Thriller;Business;Fiction","Erik Larson;Patrick S?skind;Vincent Bugliosi;James Patterson","38;68;97;105;134;210;214;224;232;289;341;343;360;404;468;480;508;550;577;589;632;659;672;679;723;782;787;823;936;949;982","38:4;68:3;105:3;134:4;214:4;224:5;232:4;341:5;343:3;404:3;468:4;508:5;550:4;589:2;632:4;672:2;679:5;723:4;782:3;787:2;936:3;949:5;982:4",""
"128","Sadia Sarker","Thriller;Fantasy;Fiction","Vincent Bugliosi;Paula Hawkins;Tana French;Agatha Christie","16;22;29;38;46;68;91;92;110;117;138;195;224;265;286;302;322;343;404;451;470;473;480;486;487;508;517;558;568;627;679;694;735;757;829;863;911;916;977;980;982","22:3;38:3;46:5;68:4;110:4;117:5;138:5;195:3;224:3;265:4;286:5;302:3;322:4;343:3;404:4;480:4;486:5;558:5;568:2;679:5;694:4;735:3;757:2;829:3;916:5;977:5;980:4;982:5",""
"129","Rukaiya Roy","Productivity;History;Programming","Cal Newport;John Scalzi;Christopher McDougall;H.G. Wells","1;2;7;9;34;44;151;166;233;246;337;361;553;554;564;670;684;713;736;750;781;816;917;921;976","1:3;2:5;7:3;9:3;34:4;44:2;151:2;166:3;233:3;246:4;553:2;554:3;564:3;670:3;684:4;713:4;736:5;750:5;917:3",""
"130","Tasnia Arefin","Romance;Science Fiction;History","Nicholas Sparks;Erik Larson;Jane Austen;Elizabeth Gilbert","4;21;25;28;44;47;62;76;83;118;130;148;151;159;178;283;293;305;337;410;446;458;478;482;483;497;499;554;578;628;629;660;673;685;690;693;724;778;796;816;845;990","4:5;21:4;25:5;44:3;62:2;76:4;83:2;130:4;148:3;151:4;283:4;293:4;305:4;410:2;446:3;458:4;478:2;482:3;483:4;554:4;628:3;629:3;685:4;690:4;693:3;724:3;778:4;990:2",""
"131","Shafin Roy","Science Fiction;Fiction;Self Help","Veronica Roth;Ray Bradbury;Isaac Asimov;Suzanne Collins","5;11;21;37;76;87;112;167;180;218;220;226;254;260;283;305;358;401;437;439;467;474;476;506;510;514;614;626;637;644;674;712;767;845;866;890;897;902;907;924;963;993;997","11:3;37:3;76:4;112:5;180:4;220:4;260:5;283:4;358:3;437:5;467:2;474:5;476:5;506:2;510:5;614:5;626:3;644:5;674:4;712:3;767:3;866:4;897:4;902:2;907:2;924:2;993:5;997:2",""
"132","Tasnia Morshed","Biography;Productivity;Romance","Jenny  Lawson;James Patterson;Walter Isaacson;Jeff Kinney","2;7;19;23;41;47;82;135;159;255;309;371;399;403;421;440;458;476;478;517;562;598;681;698;744;752;772;804;834;882;896;945;993","2:3;7:3;19:3;135:3;159:2;309:2;371:4;399:2;403:2;440:2;458:3;476:3;478:2;517:3;562:4;598:2;681:3;744:4;752:4;772:2;804:3;896:3",""
"133","Tanim Ahmed","Thriller;Productivity;History","Alexander McCall Smith;Erik Larson;Patrick S?skind;Paula Hawkins","7;38;68;118;129;151;154;224;246;329;343;381;404;410;420;455;472;480;483;501;508;554;565;573;679;684;751;762;982","7:4;38:5;68:4;224:5;246:3;329:5;343:5;381:4;404:4;410:4;455:4;472:5;501:4;508:4;554:2;565:2;573:4;679:4;762:3;982:3",""
"134","Sajid Rahman","Science Fiction;History;Fiction","Suzanne Collins;Orson Scott Card;Douglas Adams;Veronica Roth","4;11;21;28;55;61;78;79;112;118;149;156;246;247;275;283;285;305;321;337;395;410;413;471;501;505;514;528;531;538;551;557;607;642;652;657;724;801;816;845;901;921;931;987","11:3;21:4;28:4;55:4;61:5;78:4;79:3;112:3;118:3;156:4;247:3;321:3;337:4;395:5;471:5;501:3;505:2;514:5;531:4;551:3;557:3;607:3;657:3;816:2;845:3;901:4;987:5",""
"135","Tanim Das","Self Help;Business;Fiction","Anthony Burgess;Sheryl Sandberg;Cassandra Clare;Charles Duhigg","5;98;180;190;214;218;254;259;263;292;300;401;415;416;467;531;544;571;584;589;626;631;637;667;668;761;794;872;902;907;911;924;978;981","5:3;180:3;214:2;218:4;259:3;263:5;292:2;300:3;401:3;415:2;416:5;467:4;531:4;544:4;589:3;631:3;637:2;668:4;761:4;872:5;902:4;907:4;978:5",""
"136","Rakin Arefin","Thriller;Programming;Fantasy","Vincent Bugliosi;Tana French;Patrick S?skind;Agatha Christie","1;2;6;9;18;31;33;34;36;38;63;68;70;149;164;224;245;314;343;404;473;480;502;508;527;557;572;679;718;829;863;977;982","1:5;2:3;9:5;18:4;33:3;34:5;38:5;63:4;68:4;70:4;164:2;224:3;314:4;404:5;473:4;480:3;508:4;527:4;557:3;679:5;718:4;863:5;977:3;982:5",""
"137","Sajid Shuvo","Productivity;Fantasy;Science Fiction","Cal Newport;Margaret Mitchell;J.K. Rowling;Stieg Larsson","7;11;24;25;31;55;68;73;76;105;112;133;265;283;296;300;305;314;429;438;460;473;488;510;514;572;618;644;657;777;813;845;984","7:2;11:5;24:3;25:5;31:5;55:4;73:3;76:4;112:4;305:5;429:3;438:3;488:4;510:4;514:5;572:4;657:4;777:4;813:4;984:5",""
"138","Sharmeen Ahmed","History;Fiction;Science Fiction","Aldous Huxley;Kim Edwards;John Scalzi;Terry Pratchett","21;28;53;55;61;62;77;100;112;118;133;135;153;168;221;246;247;260;281;283;335;337;369;455;510;554;565;593;648;712;713;730;750;762;767;837;845;897;901;917;931;940;985;990","28:4;55:4;62:4;77:3;112:4;118:2;135:3;221:5;260:4;281:5;283:3;335:4;337:3;369:2;455:4;510:4;565:2;593:3;648:4;712:5;750:3;762:2;845:3;897:5;901:2;917:2;940:3",""
"139","Fariha Shafiq","Science Fiction;Thriller;Self Help","Frank Herbert;Ray Bradbury;Douglas Adams;Kate Egan","5;11;25;38;43;68;76;77;100;112;133;148;168;180;190;218;224;254;293;343;344;358;404;439;467;480;508;626;637;644;677;679;724;845;868;891;902;907;924;941;982","5:2;38:4;43:2;76:3;100:4;133:4;148:4;168:3;190:4;218:3;224:4;254:4;293:4;343:4;344:4;358:4;404:4;439:5;480:4;508:4;637:2;644:3;677:2;679:3;724:3;845:5;868:2;891:4;907:2;924:3;941:5;982:3",""
"140","Sadia Kabir","Fiction;Fantasy;Programming","Kathryn Stockett;Richard Bach;Chuck Palahniuk;Malcolm Gladwell","1;2;9;27;29;34;39;46;78;156;200;203;210;335;349;366;406;445;456;488;536;588;600;613;646;709;718;735;778;799;863;916;924;971;985","1:4;2:4;9:5;27:2;29:4;34:3;39:4;46:3;78:4;200:5;203:3;210:2;335:5;445:3;488:5;536:3;588:5;600:4;613:3;709:3;718:3;735:3;778:5;863:4",""
"141","Zubair Rahman","Romance;Science Fiction;Biography","Nicholas Sparks;Emily Giffin;J.R. Ward;Robert Munsch","4;21;23;28;41;76;82;97;112;135;176;237;240;293;309;326;351;399;419;439;440;459;462;499;510;562;578;598;615;644;681;698;701;724;744;752;772;788;834;845;870;882;897;960","21:5;28:3;41:2;97:3;112:4;135:4;176:4;240:2;293:2;351:5;419:4;440:4;459:5;499:4;510:4;578:4;598:3;615:2;681:4;698:4;701:3;724:5;744:4;752:3;772:2;788:5;845:4;897:4",""
"142","Shafin Kabir","Self Help;Business;Programming","Joe Abercrombie;Joan Didion;James Clear;Sheryl Sandberg","1;2;5;9;34;69;180;205;214;218;239;254;263;282;358;460;467;544;589;601;626;637;902;907;913;924","1:5;2:3;5:3;9:3;34:3;69:5;214:2;218:4;239:5;254:2;263:2;282:5;460:5;589:3;601:5;626:3;637:4;902:4;907:2;924:2",""
"143","Nayeem Roy","Science Fiction;Biography;Business","Suzanne Collins;Veronica Roth;Douglas Adams;Isaac Asimov","4;5;11;23;25;28;41;42;67;77;82;112;133;135;148;214;344;351;399;439;562;589;598;681;690;698;733;744;752;767;772;897;925;930","4:5;5:3;23:2;25:5;28:5;67:2;82:4;112:5;135:4;148:3;214:2;344:5;351:5;439:3;589:4;598:4;681:4;690:3;698:4;744:4;772:4;897:4;930:5",""
"144","Raisa Hossain","Self Help;Fiction;Productivity","Sheryl Sandberg;Cassandra Clare;Joan Didion;Jason Fried","5;7;32;65;132;137;180;190;194;218;358;467;476;517;519;521;544;558;626;637;667;677;688;702;738;744;755;853;862;902;920;924;997","7:3;180:3;190:3;194:3;358:2;467:4;476:4;517:4;519:4;558:3;637:2;688:4;702:4;738:5;744:4;853:4;862:3;902:2;924:2;997:2",""
"145","Shahriar Azad","Romance;Business;Biography","Alice Sebold;Elizabeth Gilbert;Toni Morrison;Nicholas Sparks","23;30;41;47;82;114;135;149;176;214;237;271;361;399;506;511;562;589;598;629;647;681;690;698;744;747;752;772;828;834;870;885;960;985","23:4;30:2;47:4;82:3;114:3;214:4;237:2;271:3;361:3;399:2;506:2;562:4;589:4;598:2;647:5;690:4;698:3;744:3;752:3;834:4;870:4;960:2",""
"146","Zubair Ahmed","Programming;Self Help;Science Fiction","Stanley B. Lippman;Andrew Hunt;Dan Brown;Robert C. Martin","1;2;4;9;11;21;34;55;77;112;180;190;218;223;262;305;358;383;454;467;489;499;514;544;626;635;637;763;767;796;897;902;907;924;997","1:4;2:5;9:4;21:3;34:5;77:5;223:4;305:4;358:3;467:3;489:2;499:4;514:3;544:4;626:3;635:2;637:2;767:4;796:4;897:5;902:3;907:3;924:4",""
"147","Farhan Sarker","Biography;Romance;Science Fiction","Malcolm X;Arthur Golden;Sherman Alexie;Jeff Kinney","11;19;21;23;28;30;41;55;61;77;82;114;133;135;237;253;283;309;329;344;399;419;499;560;562;598;604;615;681;698;701;724;743;744;752;772;781;796;804;870;896;973;984;993","11:3;28:5;30:3;41:2;55:4;61:5;82:3;114:3;237:3;253:2;309:2;344:4;399:3;419:4;499:3;560:2;598:3;615:4;681:2;698:4;701:4;724:5;744:3;772:3;781:3;796:4;804:4",""
"148","Iffat Rahman","Business;Programming;Science Fiction","Robert T. Kiyosaki;Janet Evanovich;Andrew Hunt;Dan Brown","1;2;9;11;12;25;34;61;76;112;133;197;214;305;306;344;439;459;499;514;589;644;665;881;991;995","1:4;2:4;9:4;25:3;34:4;61:3;76:5;112:5;133:3;197:4;214:2;306:3;344:5;439:4;459:2;499:5;589:4;881:3;991:4;995:5",""
"149","Nabil Karim","History;Fantasy;Biography","Richard Russo;Aldous Huxley;Donna Tartt;Howard Zinn","23;29;33;41;62;82;135;142;162;196;246;321;349;399;410;455;483;490;497;501;549;557;562;569;572;598;612;617;629;670;681;694;698;709;735;744;752;772;813;863;921;927;955;967","29:4;41:3;62:4;82:4;142:5;196:5;321:3;349:4;399:3;410:3;483:2;501:4;557:2;569:4;572:4;598:4;612:5;670:4;681:2;694:3;698:3;735:4;744:2;772:4;927:5;955:3;967:3",""
"150","Jawad Anwar","Self Help;Programming;Fiction","Richard Dawkins;Anthony Burgess;Jason Fried;Joe Abercrombie","1;2;9;34;142;180;218;251;254;311;313;358;376;379;416;444;467;469;472;494;544;563;573;600;626;637;680;739;741;799;814;815;902;907;924;997","1:3;2:5;9:5;34:4;180:4;218:2;311:3;358:3;416:5;444:4;469:2;472:3;494:5;544:2;600:3;626:2;680:5;741:3;799:3;814:4;815:4;907:4;924:3;997:3",""
"151","Rakin Islam","Science Fiction;Biography;Productivity","Ray Bradbury;Frank Herbert;Andy Weir;Suzanne Collins","7;23;25;41;55;77;82;133;135;148;151;269;283;305;318;365;366;399;439;514;562;598;644;655;681;698;700;744;751;752;772;796;845","7:3;55:5;82:2;133:3;135:4;148:3;151:3;283:3;305:3;318:3;365:2;399:2;439:4;514:3;598:2;644:4;681:3;698:2;744:4;752:2",""
"152","Farhan Azad","Fantasy;Productivity;Romance","J.K. Rowling;J.R.R. Tolkien;Lois Lowry;George R.R. Martin","7;10;12;19;29;30;32;35;46;83;176;179;195;196;240;250;290;440;458;488;535;557;600;610;663;690;693;723;863;882;896;977;994","7:4;10:4;12:4;19:4;29:5;30:4;46:4;195:4;196:4;240:3;250:2;440:3;458:4;535:4;610:5;663:3;723:4;863:3;882:2;896:4;977:4",""
"153","Zayan Siddique","Productivity;Fiction;Biography","Cal Newport;Anthony Doerr;Harper Lee;Robert Galbraith","7;14;23;41;82;89;98;130;135;150;194;231;233;286;321;399;423;428;489;562;579;590;598;601;613;681;698;702;744;752;765;772;954","7:4;14:5;23:3;82:3;98:3;135:2;150:4;194:4;231:5;321:5;399:2;423:5;590:2;598:3;601:5;613:3;702:4;744:4;752:4;765:5;772:2;954:3",""
"154","Sajid Hasan","History;Biography;Thriller","Cornelia Funke;Richard Russo;Ken Follett;Terry Pratchett","23;27;38;41;44;52;68;82;118;135;174;224;246;311;321;343;376;392;399;404;480;497;508;562;583;598;642;649;670;679;681;698;744;752;772;778;901;955;961;982;990","23:3;38:3;52:5;68:5;82:2;118:2;224:3;246:4;321:2;343:3;376:2;392:3;404:3;497:4;508:3;598:2;649:2;679:5;681:2;698:3;744:2;752:2;772:3;901:4;955:4;982:3",""
"155","Iram Rahim","Fiction;Thriller;Science Fiction","Roald Dahl;Stephen King;Brian Selznick;Kiera Cass","25;38;55;61;68;77;133;148;150;191;213;224;274;292;297;303;343;372;404;453;480;482;487;499;508;567;616;644;679;724;763;767;786;815;845;858;897;931;959;982;992","55:3;61:4;68:4;77:5;133:5;148:3;150:5;191:3;213:4;224:3;292:3;297:5;343:3;372:3;404:4;480:4;487:3;508:5;616:5;644:3;679:5;724:3;767:5;786:3;815:5;982:4;992:2",""
"156","Sharmeen Nawar","Fiction;Science Fiction;Self Help","Lauren Kate;Christopher Paolini;Malcolm Gladwell;Mario Puzo","4;5;11;21;25;60;180;182;190;200;218;229;281;282;305;326;344;358;389;408;417;461;467;499;514;523;532;544;590;626;637;724;739;796;845;897;907;924;952;953;960;961;964;997","4:4;11:3;21:4;60:5;180:4;200:3;281:4;305:5;326:3;358:4;408:4;417:5;461:2;467:3;499:4;544:4;637:4;724:4;739:4;845:4;897:4;907:2;924:2;952:5;960:3;961:3;964:4;997:2",""
"157","Rakin Morshed","History;Fiction;Business","Stephen Hawking;Bill Bryson;Thomas L. Friedman;Jostein Gaarder","24;118;121;163;214;263;286;321;346;370;381;413;446;461;472;505;553;572;589;642;655;656;670;737;768;798;816;844;856;917;921;959;974;976","163:3;214:3;263:3;321:2;346:3;370:5;381:3;413:4;446:3;461:5;505:2;553:3;589:3;642:4;656:4;670:3;737:4;798:4;844:2;959:4;974:3;976:3",""
"158","Ridwan Rahman","Biography;Self Help;Science Fiction","Helen Fielding;Jenny  Lawson;Sherman Alexie;Walter Isaacson","4;5;21;23;41;56;77;82;122;133;135;148;180;190;254;283;305;344;358;384;399;457;467;510;520;544;562;598;637;644;681;698;724;744;752;772;845;884;897;902;907;924;950;997","21:3;23:2;41:3;82:2;122:5;133:5;135:2;180:2;254:4;283:3;344:3;358:3;384:3;399:4;457:5;544:4;598:4;637:3;644:4;681:3;724:5;752:4;845:3;884:2;897:5;907:2;924:3;950:3;997:2",""
"159","Sharmeen Rahim","Science Fiction;Productivity;Business","Orson Scott Card;Suzanne Collins;Isaac Asimov;H.G. Wells","4;7;25;28;63;136;214;283;302;305;334;344;355;383;468;510;514;589;724;745;767;796;845","7:3;25:3;28:5;63:5;214:3;283:5;302:4;305:4;355:2;383:5;468:3;510:4;589:4;745:2;767:3;796:5;845:3",""
"160","Nishat Azad","Fiction;Science Fiction;Fantasy","Carol Rifka Brunt;Deborah Harkness;Pittacus Lore;Lauren Weisberger","12;21;28;33;70;76;77;85;111;112;127;133;138;148;155;162;205;344;347;364;370;409;461;470;510;522;572;600;618;644;650;663;718;759;798;816;823;845;897;916;929;949;985;1000","12:3;21:3;28:4;33:3;76:4;85:4;111:3;127:5;138:3;148:4;155:5;162:4;344:4;347:5;461:4;470:5;522:3;572:3;618:5;644:4;798:5;845:5;897:3;916:3;929:4;985:3;1000:3",""
"161","Maruf Das","Programming;Thriller;Romance","Dan Brown;Robert C. Martin;Stanley B. Lippman;Andrew Hunt","1;2;9;34;38;68;83;109;176;178;224;309;320;343;351;361;395;404;449;458;465;480;508;559;629;679;690;701;778;896;926;982;987","1:4;2:5;9:3;34:3;38:5;68:5;83:2;224:5;309:2;320:5;343:3;351:4;361:4;404:4;449:3;458:3;465:2;480:5;629:2;679:4;690:3;701:2;896:3;982:5",""
"162","Tuba Karim","Productivity;Business;Biography","Cal Newport;Robert T. Kiyosaki;Janet Evanovich;Stephen King","7;23;41;82;135;214;325;399;405;454;559;562;589;598;626;653;681;698;741;744;752;772;883","7:3;23:4;82:2;135:3;214:2;399:2;454:3;559:3;562:2;589:2;598:3;653:5;698:4;741:3;752:4;883:2",""
"163","Adib Ahmed","Productivity;Fantasy;Science Fiction","Cal Newport;Sarah J. Maas;J.R.R. Tolkien;Stieg Larsson","4;6;7;11;24;27;28;77;86;112;133;196;225;267;283;338;344;353;400;406;439;469;488;510;514;618;635;661;724;851;869;927","4:4;7:2;11:5;24:5;27:5;28:4;86:3;112:3;133:3;196:4;225:5;267:5;283:4;400:4;406:4;439:3;488:5;510:5;618:3;635:2;661:5;724:5;927:3",""
"164","Tasnia Hossain","Romance;Business;Biography","Stephen King;Nicholas Sparks;Ally Carter;Nicole Krauss","23;41;47;51;82;90;135;159;176;178;204;206;214;229;330;399;481;511;562;589;598;652;663;681;698;736;744;752;755;772;834;870;874;993","23:3;41:2;51:2;90:5;135:4;159:2;176:4;204:2;206:2;214:4;330:4;481:3;511:4;562:4;589:2;652:3;663:4;681:2;736:3;744:4;752:4;772:2;874:4;993:2",""
"165","Zayan Ahmed","History;Fantasy;Fiction","Terry Pratchett;Joe Haldeman;Charlaine Harris;Richard Russo","70;74;117;118;152;155;161;162;163;195;236;304;351;353;400;410;414;423;446;455;483;499;505;535;553;565;577;641;680;721;762;789;816;833;847;865;903;910;916;921;927;955;977;990","70:4;155:5;161:5;163:2;195:4;304:3;351:5;353:5;400:3;410:3;423:3;446:2;455:3;505:4;565:4;577:3;641:5;680:5;721:3;762:2;789:3;833:5;847:5;865:3;903:5;910:5;921:2;927:3;955:4;977:5",""
"166","Tanvir Faisal","Programming;Romance;Science Fiction","Stanley B. Lippman;Andrew Hunt;Dan Brown;Robert C. Martin","1;2;9;11;19;21;30;34;47;51;55;57;61;77;112;148;161;176;206;305;309;337;354;419;427;460;510;615;644;767;778;796;842;848","1:5;2:3;9:5;30:3;34:5;47:4;61:5;77:5;148:3;161:2;176:2;305:5;309:3;337:5;354:4;419:3;427:3;510:5;615:3;644:5;767:3;778:4;796:5;848:4",""
"167","Shahriar Sarker","Fantasy;Productivity;Thriller","Stieg Larsson;Brandon Sanderson;J.K. Rowling;Chuck Dixon","7;24;31;33;38;68;127;162;224;225;331;343;352;353;404;406;473;480;488;508;572;640;648;679;700;735;869;927;982","7:3;24:5;38:4;68:5;127:2;224:5;225:2;343:3;352:5;353:3;404:3;406:4;473:5;480:3;488:3;572:3;640:4;679:5;700:4;869:3;927:4;982:4",""
"168","Ishmam Nawar","Business;Science Fiction;Fiction","Robert T. Kiyosaki;Janet Evanovich;Douglas Adams;Isaac Asimov","55;61;96;103;108;112;140;148;195;214;282;283;305;324;344;359;379;412;417;439;514;553;589;623;638;644;729;796;812;845;864;873;975","55:3;61:3;103:4;195:2;214:2;282:3;283:5;305:3;344:4;359:5;412:5;417:4;439:3;589:4;623:3;729:4;796:4;812:4;845:5;864:3;873:4;975:4",""
"169","Mahin Faisal","Programming;Productivity;History","Stanley B. Lippman;Andrew Hunt;Robert C. Martin;Dan Brown","1;2;7;9;34;77;87;118;151;199;246;252;337;353;392;402;497;554;611;684;711;816;901;917;976","1:3;2:5;7:3;9:4;34:3;87:5;118:2;151:3;337:4;402:5;497:4;554:3;611:5;684:2;816:2;917:3",""
"170","Arif Shafiq","Biography;Productivity;Science Fiction","Sherman Alexie;Jenny  Lawson;Ishmael Beah;Malcolm X","7;23;25;41;61;77;82;135;148;252;283;305;344;399;439;510;514;534;562;583;598;636;681;698;715;744;752;772;780;796;801;845;999","7:2;23:3;25:3;77:5;148:5;305:5;439:4;514:5;562:2;598:3;681:2;698:2;715:5;744:2;752:3;772:4;780:3;796:4;801:4;845:3;999:4",""
"171","Nafis Anwar","Thriller;History;Programming","Gillian Flynn;Patrick S?skind;James Patterson;Agatha Christie","1;2;9;34;38;68;224;230;343;384;404;410;413;455;480;501;505;508;554;565;642;670;679;683;764;773;816;885;906;917;955;982","1:3;2:3;9:3;34:4;38:3;224:3;343:5;404:3;410:2;413:4;480:3;508:3;565:4;642:2;670:4;679:3;773:2;816:3;885:3;906:5;917:3;955:4;982:5",""
"172","Tanvir Tahsin","Fiction;History;Biography","Ayn Rand;Fyodor Dostoyevsky;Jay Asher;Frances Mayes","23;41;44;62;65;82;85;99;135;154;169;261;268;321;337;399;446;454;455;457;483;492;501;505;527;562;598;600;634;681;698;744;752;762;772;801;838;868;881;901;910;921;949;993","23:4;41:2;44:3;62:2;82:2;85:2;99:2;135:2;154:5;261:4;268:5;337:4;483:2;492:3;501:2;505:3;562:2;600:3;634:3;744:4;752:4;762:4;772:4;801:4;838:2;881:3;901:4;910:5",""
"173","Shafin Siddique","Fantasy;Business;Biography","Sarah J. Maas;J.R.R. Tolkien;Carlos Ruiz Zaf?n;J.K. Rowling","6;23;31;41;49;54;67;70;82;99;135;214;265;349;366;399;400;436;465;491;500;562;569;589;598;681;698;718;744;752;759;772;863;977","6:4;67:5;70:3;82:3;135:4;214:3;265:5;349:5;366:3;399:3;400:5;436:5;465:2;562:2;569:5;589:2;598:3;681:2;744:3;752:2;759:5",""
"174","Ishmam Faisal","Business;Self Help;Fantasy","Robert T. Kiyosaki;Janet Evanovich;Sheryl Sandberg;Daniel Kahneman","5;33;162;180;185;190;195;214;216;218;254;349;358;396;405;429;495;514;544;569;589;600;626;637;759;833;869;893;902;907;918;924;927;982","5:4;162:4;180:4;185:5;190:2;195:4;214:4;349:5;358:4;396:5;405:5;495:3;544:2;589:2;600:5;626:4;637:2;833:5;869:5;893:3;918:4;924:2;927:4",""
"175","Fariha Azad","Fiction;Biography;History","Dr. Seuss;Jodi Picoult;Robert Ludlum;Stephen King","23;39;41;44;62;75;82;90;135;229;236;287;335;337;342;352;371;392;399;446;525;546;557;562;598;630;650;658;681;684;690;698;744;752;770;772;816;901;917;958;960;962;976;990","23:2;39:2;44:4;75:4;82:3;229:3;335:5;337:2;371:5;399:2;525:3;557:2;562:2;630:4;650:3;658:5;681:2;684:2;690:2;698:3;744:4;772:4;816:3;917:4;958:5;962:3;976:4;990:4",""
"176","Shahriar Siddique","Romance;Business;Fiction","Gabriel Garc?a M?rquez;Nicholas Sparks;Francis Chan;J.R. Ward","14;67;83;87;90;159;161;214;218;240;262;298;309;323;327;381;419;443;478;506;529;589;629;663;680;690;695;723;774;804;848;868;953;993","67:5;87:4;90:4;159:3;161:5;214:2;218:3;240:3;262:5;298:3;309:4;443:3;506:4;529:4;589:3;680:4;690:2;723:4;804:4;848:3;868:3;953:2;993:2",""
"177","Nishat Arefin","Fiction;Biography;Romance","James C. Collins;Michael Chabon;Stephenie Meyer;John Green","16;23;30;41;47;56;57;58;82;135;178;183;291;304;346;361;399;407;420;511;523;561;562;578;598;605;629;630;660;663;681;690;698;701;723;744;752;772;804;828;889;922;939","16:4;23:3;30:2;47:3;56:5;82:4;183:3;291:3;304:5;399:2;407:3;511:2;523:3;561:5;562:4;605:3;629:2;630:4;660:3;663:4;698:2;701:4;723:4;744:2;752:4;772:4;804:2;828:4;889:5;939:3",""
"178","Tawhid Karim","Business;Romance;Fiction","Janet Evanovich;Robert T. Kiyosaki;Nicholas Sparks;Jane Austen","19;47;51;53;93;173;189;214;219;237;264;279;293;301;323;361;432;440;450;479;530;589;617;654;690;723;780;791;828;848;906;992;993","19:2;47:2;51:4;93:5;173:5;214:2;219:5;264:4;293:3;301:2;361:3;440:3;450:3;479:4;530:2;589:3;617:3;654:5;780:5;828:2;906:4;993:4",""
"179","Shahriar Kabir","Self Help;Business;Fantasy","Charles Duhigg;Cassandra Clare;James Clear;Jason Fried","5;27;35;46;116;142;155;180;190;196;214;218;286;349;358;396;414;467;470;474;496;544;589;626;637;709;718;731;747;763;868;902;924;997","5:3;35:5;116:5;142:3;155:3;196:5;214:4;218:2;286:3;358:3;396:4;467:3;470:4;474:2;496:3;544:3;589:4;637:4;709:3;731:2;747:3;763:4;902:4;997:4",""
"180","Anan Shuvo","Programming;Fantasy;Business","Stanley B. Lippman;Robert C. Martin;Andrew Hunt;Dan Brown","1;2;9;10;31;32;34;46;199;214;314;353;370;396;436;484;572;587;589;604;812;833;851;872;914;967","1:5;2:4;9:5;10:3;31:3;32:5;34:5;199:3;214:2;353:4;370:4;396:5;436:3;587:2;589:2;604:2;812:5;833:5;851:4",""
"181","Maliha Jahan","Business;Fantasy;Programming","Janet Evanovich;Robert T. Kiyosaki;Brandon Sanderson;Robert Jordan","1;2;9;10;17;27;34;214;247;349;429;470;509;518;529;569;589;610;643;722;735;786;927;967;971;977","1:5;2:5;9:4;17:4;34:3;214:3;349:5;518:2;569:5;589:2;610:3;722:3;735:3;786:5;927:5;967:3;971:5;977:3",""
"182","Ridwan Kabir","Biography;Romance;Self Help","Sherman Alexie;Helen Fielding;James Patterson;Ishmael Beah","5;23;30;41;51;63;82;83;135;173;190;206;218;237;254;281;293;317;358;399;467;562;598;615;626;629;637;663;681;688;698;701;714;744;752;772;778;834;902;907;924;973;993;997","5:4;23:4;30:3;41:4;82:3;135:2;173:4;190:4;237:3;254:2;281:2;293:3;358:4;562:4;598:2;615:3;626:4;629:2;663:3;681:2;701:4;714:4;744:3;834:4;902:3;907:2;973:5;993:3;997:3",""
"183","Tahmid Morshed","Programming;Science Fiction;Self Help","Robert C. Martin;Stanley B. Lippman;Andrew Hunt;Dan Brown","1;2;5;9;21;34;55;61;72;76;190;218;254;268;283;300;344;358;369;467;475;499;510;544;600;626;637;644;724;796;877;897;902;907;924;949","1:4;2:3;9:3;21:4;34:4;61:4;72:5;76:4;218:3;254:3;283:4;300:4;369:5;467:3;510:5;626:3;637:3;724:4;796:4;897:4;902:4;907:4;924:2;949:4",""
"184","Ridwan Hasan","Biography;Programming;Romance","Ishmael Beah;Arthur Golden;Jenny  Lawson;Malcolm X","1;2;9;23;30;34;41;47;82;117;126;135;159;178;361;374;399;478;562;598;615;681;698;701;744;752;772;774;778;804;829;834;873;929;993","1:4;2:3;9:5;23:2;30:2;34:3;41:4;47:2;117:2;126:3;178:4;361:3;374:4;478:4;598:2;681:3;698:2;701:3;744:2;752:3;772:4;774:2;804:2;834:4;929:2",""
"185","Tahsin Roy","Fantasy;History;Business","J.R.R. Tolkien;Neal Shusterman;Tracy Chevalier;Margaret Mitchell","15;27;31;73;118;142;155;168;214;246;250;314;321;337;379;436;446;455;488;554;557;569;571;587;589;642;649;670;709;718;760;851;918;921","31:4;73:5;118:2;155:3;168:5;214:3;314:5;379:5;436:4;446:3;455:4;488:4;554:2;557:3;571:2;589:4;642:4;670:3;709:3;718:5;760:3;918:2;921:3",""
"186","Arif Tahsin","Fantasy;Productivity;Science Fiction","Brandon Sanderson;Ursula K. Le Guin;J.R.R. Tolkien;J.K. Rowling","4;6;7;31;55;61;77;112;133;148;150;157;184;204;353;396;406;413;429;439;510;569;572;600;610;644;730;759;767;845;901;967","6:5;7:4;31:5;55:4;61:3;133:5;157:4;353:3;406:5;439:4;510:5;572:4;600:5;610:3;644:5;730:4;767:4;845:5;901:3;967:4",""
"187","Tahsin Nawar","Programming;Romance;Fiction","Robert C. Martin;Dan Brown;Stanley B. Lippman;Andrew Hunt","1;2;8;9;19;20;30;34;47;75;83;127;154;157;237;267;270;320;371;427;440;495;569;586;615;619;635;693;723;806;870;874;955;959;965;999","1:4;2:5;9:3;19:4;34:3;75:3;83:3;127:5;157:3;237:4;267:2;371:5;427:3;440:3;495:3;586:5;619:4;693:4;723:3;870:3;955:2;965:3",""
"188","Sadia Nawar","Productivity;Self Help;Fantasy","Cal Newport;Daniel Kahneman;Cassandra Clare;Sheryl Sandberg","5;6;7;35;70;73;155;162;180;195;218;254;307;311;313;358;438;467;473;527;544;581;610;626;637;649;757;796;902;907;971;977;997","6:5;7:4;35:5;70:4;155:5;162:5;254:2;307:5;311:4;358:4;467:2;527:3;581:4;610:4;626:4;637:2;649:5;796:5;902:3;907:2;971:4;997:2",""
"189","Shahriar Karim","Science Fiction;Biography;Fiction","Isaac Asimov;Veronica Roth;Douglas Adams;Suzanne Collins","21;23;28;41;55;76;77;82;133;135;193;215;261;283;305;309;322;344;364;366;399;422;431;439;514;562;581;598;661;672;681;698;724;744;752;772;775;807;808;816;826;883;951;980","21:5;23:2;28:5;76:4;82:2;135:4;193:2;215:4;283:4;305:5;309:4;344:4;364:4;366:5;399:3;422:5;439:5;514:3;562:4;581:4;661:3;672:5;698:2;744:3;752:2;826:3;883:5;951:5;980:5",""
"190","Afra Anwar","Business;Romance;Thriller","Robert T. Kiyosaki;Janet Evanovich;John Grogan;Ally Carter","30;38;68;83;102;123;152;159;206;214;224;333;343;404;478;480;498;508;578;589;629;663;679;723;724;804;822;896;927;982;993","38:3;68:5;83:2;206:2;214:3;333:3;343:3;404:5;480:4;498:4;508:3;578:2;589:3;663:3;679:3;723:3;724:2;804:4;896:3;927:5;982:4;993:2",""
"191","Maliha Shafiq","Business;Fantasy;Thriller","Robert T. Kiyosaki;Janet Evanovich;Thomas Harris;Brandon Sanderson","25;29;31;38;50;68;142;155;214;215;224;343;396;400;404;429;438;455;480;488;497;502;508;589;679;833;847;863;957;977;982","25:5;29:3;31:3;38:4;142:5;214:3;215:4;224:4;343:5;400:3;404:4;429:5;438:3;480:5;502:4;508:3;589:4;679:3;833:4;957:2;977:4;982:4",""
"192","Iffat Rahim","History;Productivity;Fantasy","Aldous Huxley;C.S. Lewis;Bill Bryson;Cornelia Funke","7;10;12;32;33;44;62;117;130;246;249;301;314;321;381;488;505;519;540;557;565;642;670;709;718;816;827;833;863;883;962;971;976","7:2;32:3;33:5;44:4;62:3;117:4;301:5;314:5;321:3;381:3;519:5;565:4;642:2;670:2;709:5;718:4;816:3;827:4;863:3;883:5;962:2;971:3",""
"193","Hasib Jahan","Thriller;Fiction;Productivity","Vincent Bugliosi;Paula Hawkins;James Patterson;Patrick S?skind","7;31;38;68;194;198;224;280;295;343;348;391;404;414;422;480;508;573;621;651;679;730;818;905;940;941;951;953;959;982","7:4;68:5;194:3;198:4;224:4;295:5;343:3;391:2;404:5;414:5;422:3;480:3;508:3;573:5;621:5;651:3;679:3;818:5;905:4;959:3;982:4",""
"194","Jarin Shafiq","Science Fiction;Thriller;Business","H.G. Wells;Orson Scott Card;Suzanne Collins;Douglas Adams","25;28;29;38;45;61;68;76;77;146;214;224;286;302;305;343;344;404;432;480;499;508;510;589;644;679;796;845;849;980;982","25:4;38:5;45:2;61:4;68:4;76:5;146:3;214:4;224:5;286:2;302:4;305:4;343:3;404:4;499:4;508:3;510:3;589:3;679:5;796:4;845:4;849:4;980:3;982:4",""
"195","Nayeem Sarker","Fiction;Thriller;Romance","Madeleine L'Engle;George Orwell;Pearl S. Buck;Sophie Kinsella","19;38;47;56;68;97;111;119;124;150;201;206;224;233;237;257;270;271;273;343;404;407;432;440;468;478;480;508;615;663;679;690;718;761;778;834;853;867;962;972;982","38:3;47:3;68:4;119:2;124:4;150:4;201:5;206:4;224:5;237:2;270:5;271:4;273:4;343:3;404:3;407:3;440:3;468:4;478:2;480:3;508:4;761:4;778:3;834:2;853:4;867:2;962:3;982:5",""
"196","Adib Faisal","Self Help;Science Fiction;Productivity","Sheryl Sandberg;Malcolm Gladwell;Daniel Kahneman;Cassandra Clare","4;5;7;21;27;55;61;77;91;112;124;133;180;190;218;238;254;270;344;358;439;467;499;626;637;724;759;767;788;902;924;997","4:5;5:2;7:3;21:3;27:4;61:4;77:5;91:4;112:4;124:2;133:3;190:4;218:4;238:2;254:4;344:5;358:2;439:5;626:4;637:4;759:3;767:4;788:4;924:4",""
"197","Fariha Shuvo","Productivity;Thriller;Self Help","Cal Newport;Agatha Christie;Paula Hawkins;Alexander McCall Smith","7;38;68;167;180;190;218;224;254;343;358;404;450;467;480;483;503;508;544;626;635;637;652;679;782;902;924;955;982;997","7:3;38:3;68:3;167:4;180:2;224:3;343:4;358:4;450:2;467:4;480:4;503:4;508:4;544:4;626:3;679:4;782:2;902:4;924:4;955:3;982:5;997:2",""
"198","Rashed Kabir","History;Thriller;Fantasy","Aldous Huxley;H.G. Wells;Jules Verne;Kim Edwards","29;38;62;68;118;162;195;196;199;224;234;255;286;337;343;404;438;446;455;458;480;482;497;502;505;508;516;527;535;554;565;569;572;600;670;679;713;921;955;974;982","29:5;38:5;62:3;68:3;118:2;195:4;196:3;224:5;286:5;343:4;404:4;446:3;458:5;482:5;497:3;502:5;505:4;508:4;527:4;535:3;554:4;565:2;569:3;572:5;670:2;679:5;713:2;974:4;982:5",""
"199","Sadia Mahmud","Business;Science Fiction;Biography","Janet Evanovich;Robert T. Kiyosaki;Suzanne Collins;Ray Bradbury","4;21;23;25;41;61;73;82;112;135;148;214;322;346;368;399;510;514;538;562;589;598;644;681;698;744;752;767;772;796;819;897;968;983","4:4;21:5;25:3;41:4;61:3;73:2;112:4;214:3;322:5;346:2;399:2;510:5;562:4;589:4;598:4;644:4;698:2;744:4;752:4;772:3;796:3;968:2;983:5",""
"200","Rayan Anwar","Self Help;Business;Fantasy","Joe Abercrombie;Daniel Kahneman;Charles Duhigg;Sheryl Sandberg","5;6;92;180;190;199;214;218;226;396;406;467;470;502;527;535;544;589;596;600;610;626;637;709;735;764;779;813;902;907;924;967;986;997","5:2;6:4;92:3;180:2;190:3;199:3;214:3;396:5;406:5;535:5;544:3;589:2;600:3;626:4;637:4;709:3;735:5;764:2;779:3;813:3;902:4;924:3;967:2",""
